date,Close,Volume
2010-01-04,55.070823669433594,2829100
2010-01-05,55.42644500732422,2841600
2010-01-06,54.68450164794922,4099600
2010-01-07,54.77651596069336,2793200
2010-01-08,54.75196838378906,2910700
2010-01-11,54.4515266418457,2181300
2010-01-12,55.3835563659668,4321200
2010-01-13,54.73968505859375,4755000
2010-01-14,55.50618362426758,4188800
2010-01-15,55.84960174560547,4142800
2010-01-19,55.69013214111328,2496000
2010-01-20,56.254302978515625,2800500
2010-01-21,56.51182556152344,4363100
2010-01-22,56.413658142089844,3666900
2010-01-25,56.15618896484375,2419500
2010-01-26,56.174583435058594,3138100
2010-01-27,56.14386749267578,3325700
2010-01-28,56.113224029541016,3058200
2010-01-29,56.603858947753906,4930600
2010-02-01,56.0899543762207,3598500
2010-02-02,56.24996566772461,3047500
2010-02-03,55.59764862060547,5343700
2010-02-04,56.47766876220703,6095000
2010-02-05,56.60072326660156,6875800
2010-02-08,56.67451858520508,3386000
2010-02-09,56.108421325683594,4790000
2010-02-10,55.57307434082031,5068000
2010-02-11,55.27153778076172,5087500
2010-02-12,55.49923324584961,2833800
2010-02-16,55.60380935668945,2440900
2010-02-17,54.97005081176758,4368200
2010-02-18,54.748470306396484,5121800
2010-02-19,55.043853759765625,3502500
2010-02-22,54.81622314453125,3382600
2010-02-23,55.67150115966797,5474500
2010-02-24,55.806915283203125,4423200
2010-02-25,56.12074661254883,3707700
2010-02-26,56.409934997558594,4349100
2010-03-01,56.38525390625,2415200
2010-03-02,56.31120681762695,2260600
2010-03-03,56.169193267822266,2156100
2010-03-04,56.46550369262695,2374700
2010-03-05,55.72472381591797,3823200
2010-03-08,55.43459701538086,2850400
2010-03-09,55.44697189331055,2573700
2010-03-10,55.30495071411133,3216200
2010-03-11,55.508663177490234,2621000
2010-03-12,55.854339599609375,3099100
2010-03-15,55.780269622802734,1936800
2010-03-16,56.22477340698242,3932600
2010-03-17,56.46550369262695,3481200
2010-03-18,56.28035354614258,2750300
2010-03-19,56.335872650146484,2976300
2010-03-22,56.397621154785156,2452300
2010-03-23,56.13212203979492,2910000
2010-03-24,55.10744094848633,8049300
2010-03-25,54.75556564331055,8268400
2010-03-26,54.90991973876953,4110700
2010-03-29,54.699989318847656,3245100
2010-03-30,54.872802734375,3254600
2010-03-31,55.24943542480469,4263900
2010-04-01,55.11436462402344,2912400
2010-04-05,54.19731140136719,5652000
2010-04-06,54.28404998779297,3584600
2010-04-07,54.978004455566406,6389900
2010-04-08,55.002777099609375,3797600
2010-04-09,55.1329460144043,2311300
2010-04-12,55.42415237426758,2939600
2010-04-13,55.60384750366211,3090900
2010-04-14,55.21348190307617,3570100
2010-04-15,55.27540588378906,3698000
2010-04-16,55.678192138671875,8303900
2010-04-19,55.541866302490234,3211500
2010-04-20,55.740135192871094,2285000
2010-04-21,56.198631286621094,4162200
2010-04-22,56.031349182128906,2841400
2010-04-23,55.83308029174805,4776000
2010-04-26,55.89507293701172,4753900
2010-04-27,56.68191909790039,13199200
2010-04-28,56.198631286621094,8379500
2010-04-29,56.43410873413086,4067200
2010-04-30,57.084693908691406,6924800
2010-05-03,57.01006317138672,4211800
2010-05-04,58.03600311279297,11054800
2010-05-05,58.37797164916992,12219100
2010-05-06,60.18115234375,19578200
2010-05-07,59.42875289916992,18740600
2010-05-10,58.197662353515625,10240100
2010-05-11,58.04848861694336,7729100
2010-05-12,57.60699462890625,5530800
2010-05-13,57.98629379272461,6849700
2010-05-14,58.99354553222656,9796500
2010-05-17,58.77592086791992,6302200
2010-05-18,59.677452087402344,9904100
2010-05-19,59.87643051147461,14121200
2010-05-20,61.13862991333008,17666900
2010-05-21,61.20083999633789,18670600
2010-05-24,60.989437103271484,7721100
2010-05-25,61.28784942626953,12952700
2010-05-26,61.113731384277344,12644800
2010-05-27,59.727210998535156,7653200
2010-05-28,60.000762939453125,5805500
2010-06-01,60.42251205444336,5536200
2010-06-02,59.84851837158203,5656400
2010-06-03,59.411834716796875,8499500
2010-06-04,61.00896072387695,7479600
2010-06-07,61.47690963745117,5288200
2010-06-08,61.17120361328125,5510800
2010-06-09,61.102596282958984,5598000
2010-06-10,60.01078796386719,6075100
2010-06-11,60.77189636230469,6266700
2010-06-14,60.4599723815918,5310400
2010-06-15,60.21045684814453,4920100
2010-06-16,60.553524017333984,4011100
2010-06-17,61.04639434814453,5650900
2010-06-18,60.94660568237305,4171700
2010-06-21,60.77189636230469,5740900
2010-06-22,61.49559020996094,5658900
2010-06-23,61.913597106933594,9137800
2010-06-24,61.54548645019531,6184600
2010-06-25,61.79502487182617,5148300
2010-06-28,62.37525939941406,5436000
2010-06-29,63.0552978515625,7334200
2010-06-30,63.479530334472656,7205700
2010-07-01,63.57966232299805,12893400
2010-07-02,63.07276916503906,6297600
2010-07-06,63.5921516418457,6620400
2010-07-07,62.847496032714844,5727800
2010-07-08,62.446964263916016,6260600
2010-07-09,62.09031295776367,4286000
2010-07-12,62.06528091430664,4062100
2010-07-13,61.53335189819336,5842500
2010-07-14,62.15288543701172,5417300
2010-07-15,62.77238082885742,6996100
2010-07-16,63.07901382446289,7512400
2010-07-19,62.69109344482422,4305800
2010-07-20,62.78492736816406,5076600
2010-07-21,63.84872055053711,7894200
2010-07-22,63.110294342041016,5759700
2010-07-23,62.440704345703125,6259100
2010-07-26,62.3343391418457,4856400
2010-07-27,61.73361587524414,5328000
2010-07-28,61.933815002441406,5507200
2010-07-29,61.91508102416992,6305500
2010-07-30,62.87879180908203,7683200
2010-08-02,61.99612808227539,5769200
2010-08-03,62.353939056396484,4363500
2010-08-04,61.87679672241211,3820400
2010-08-05,62.16555404663086,3704200
2010-08-06,62.84361267089844,6042400
2010-08-09,62.61134719848633,2578500
2010-08-10,62.74319076538086,11251000
2010-08-11,63.584442138671875,6778300
2010-08-12,63.427494049072266,7590100
2010-08-13,64.21852111816406,7843600
2010-08-16,65.8257064819336,7976200
2010-08-17,65.44903564453125,6756800
2010-08-18,65.6247787475586,7721600
2010-08-19,66.64817810058594,13128500
2010-08-20,66.57284545898438,7040300
2010-08-23,66.58535766601562,6360100
2010-08-24,67.65262603759766,9812100
2010-08-25,67.43289947509766,13299800
2010-08-26,68.06702423095703,7039900
2010-08-27,66.1396713256836,13514000
2010-08-30,67.40777587890625,5535300
2010-08-31,68.1549072265625,8397000
2010-09-01,66.74568939208984,12480700
2010-09-02,66.04047393798828,8167600
2010-09-03,65.22185516357422,9210700
2010-09-07,66.55677032470703,6018400
2010-09-08,66.02784729003906,6698400
2010-09-09,64.7243881225586,8588900
2010-09-10,64.4284896850586,6910300
2010-09-13,64.7433090209961,7054800
2010-09-14,65.36670684814453,5978100
2010-09-15,64.39701080322266,7919100
2010-09-16,63.76095962524414,17116200
2010-09-17,64.0191650390625,9203600
2010-09-20,64.39071655273438,5277800
2010-09-21,65.28488159179688,12664000
2010-09-22,65.87044525146484,8229400
2010-09-23,66.05931091308594,7412200
2010-09-24,65.17149353027344,8942500
2010-09-27,66.30488586425781,7061600
2010-09-28,66.75830078125,8262900
2010-09-29,66.48121643066406,5507100
2010-09-30,66.43714141845703,10618400
2010-10-01,66.11612701416016,9368400
2010-10-04,66.28666687011719,4422700
2010-10-05,65.88854217529297,8491800
2010-10-06,66.71646881103516,6476100
2010-10-07,66.1603012084961,5780700
2010-10-08,65.8696060180664,6128700
2010-10-11,65.88224029541016,1474200
2010-10-12,65.23123168945312,6122400
2010-10-13,65.13011169433594,8168400
2010-10-14,64.15678405761719,10945000
2010-10-15,63.37303161621094,12694700
2010-10-18,63.885005950927734,5592200
2010-10-19,64.27055358886719,8017500
2010-10-20,64.40962982177734,5515800
2010-10-21,63.64481735229492,6836100
2010-10-22,64.07462310791016,4770700
2010-10-25,64.25790405273438,5632300
2010-10-26,63.26563262939453,8432000
2010-10-27,62.70947265625,9245200
2010-10-28,62.88011932373047,8052600
2010-10-29,63.467918395996094,6753800
2010-11-01,63.1945686340332,5921000
2010-11-02,64.02522277832031,6537400
2010-11-03,62.71907043457031,25541800
2010-11-04,63.207340240478516,13246500
2010-11-05,62.12309646606445,12435000
2010-11-08,62.40205383300781,6795200
2010-11-09,61.02621078491211,15061700
2010-11-10,61.10865783691406,18540400
2010-11-11,61.07695007324219,3368100
2010-11-12,60.74720764160156,11739500
2010-11-15,59.479129791259766,14978700
2010-11-16,60.95648193359375,19901300
2010-11-17,60.620399475097656,9915600
2010-11-18,60.867671966552734,12424800
2010-11-19,61.24176025390625,8359500
2010-11-22,61.50175476074219,10413500
2010-11-23,61.80607223510742,9566900
2010-11-24,60.70286178588867,11467600
2010-11-26,61.54608154296875,4848900
2010-11-29,62.0723762512207,8950000
2010-11-30,62.395729064941406,11947600
2010-12-01,61.00874328613281,15441200
2010-12-02,60.849666595458984,9318700
2010-12-03,60.372493743896484,10194800
2010-12-06,61.225059509277344,7001800
2010-12-07,59.914405822753906,18533100
2010-12-08,59.33541488647461,19275900
2010-12-09,59.62807083129883,17477100
2010-12-10,59.265472412109375,7078500
2010-12-13,59.488075256347656,12399900
2010-12-14,58.62285232543945,23516400
2010-12-15,57.85934066772461,26084000
2010-12-16,58.26020050048828,17939000
2010-12-17,59.32269287109375,16849700
2010-12-20,59.25907516479492,13703500
2010-12-21,59.672607421875,8985100
2010-12-22,59.246334075927734,6440900
2010-12-23,59.12545394897461,7091800
2010-12-27,59.653499603271484,5285900
2010-12-28,58.48523712158203,13972100
2010-12-29,59.47478485107422,13115400
2010-12-30,59.430076599121094,7029900
2010-12-31,60.08771896362305,8516000
2011-01-03,59.63436508178711,13799400
2011-01-04,59.704612731933594,10466900
2011-01-05,58.389503479003906,17568000
2011-01-06,58.64485168457031,9317500
2011-01-07,58.95766067504883,12694600
2011-01-10,59.27689743041992,8295200
2011-01-11,58.94490432739258,9495400
2011-01-12,58.48523712158203,9522900
2011-01-13,59.00874710083008,14502400
2011-01-14,58.63205337524414,8960700
2011-01-18,58.35757064819336,10663600
2011-01-19,58.77892303466797,8886900
2011-01-20,57.968143463134766,14203400
2011-01-21,58.427772521972656,9085600
2011-01-24,58.453330993652344,7700200
2011-01-25,59.00874710083008,13438100
2011-01-26,58.114952087402344,13322900
2011-01-27,58.376678466796875,10868700
2011-01-28,58.683135986328125,11993200
2011-01-31,58.23628234863281,8647600
2011-02-01,57.94796371459961,11508400
2011-02-02,57.960792541503906,13624600
2011-02-03,57.48026657104492,12785800
2011-02-04,56.89726638793945,17172200
2011-02-07,57.191986083984375,8554800
2011-02-08,56.66665267944336,10454200
2011-02-09,57.159950256347656,13078600
2011-02-10,56.500038146972656,10486800
2011-02-11,57.31372833251953,11333400
2011-02-14,57.352134704589844,8033500
2011-02-15,57.608402252197266,7298000
2011-02-16,57.4226188659668,8446300
2011-02-17,57.51231384277344,6732500
2011-02-18,57.3328971862793,6080700
2011-02-22,58.19139099121094,11905700
2011-02-23,58.40282440185547,14522600
2011-02-24,58.77439880371094,12110900
2011-02-25,59.120391845703125,6841700
2011-02-28,59.19728469848633,9682500
2011-03-01,59.36885452270508,8048700
2011-03-02,58.456180572509766,8526400
2011-03-03,57.8841552734375,10607600
2011-03-04,58.36622619628906,9316200
2011-03-07,57.993408203125,7522300
2011-03-08,57.6399040222168,8498700
2011-03-09,58.19908905029297,8904800
2011-03-10,59.17607116699219,13385800
2011-03-11,58.84183120727539,8407600
2011-03-14,58.81614303588867,6765200
2011-03-15,59.69668197631836,14893800
2011-03-16,60.37154769897461,24294200
2011-03-17,59.90872573852539,10528500
2011-03-18,60.06938552856445,7260900
2011-03-21,59.71595001220703,10542900
2011-03-22,59.91516876220703,6904700
2011-03-23,59.83805465698242,8358000
2011-03-24,59.38813781738281,9477600
2011-03-25,59.240291595458984,6447200
2011-03-28,59.32387161254883,3996800
2011-03-29,58.867523193359375,6487200
2011-03-30,59.336727142333984,5048300
2011-03-31,59.2146110534668,9654300
2011-04-01,59.502445220947266,7860400
2011-04-04,59.5670280456543,4469100
2011-04-05,59.32819747924805,9951600
2011-04-06,58.437530517578125,9090900
2011-04-07,58.321319580078125,9265100
2011-04-08,58.011512756347656,7605700
2011-04-11,58.063167572021484,5734000
2011-04-12,58.68920135498047,7686500
2011-04-13,59.057132720947266,7959300
2011-04-14,59.011959075927734,7609600
2011-04-15,59.812294006347656,10222900
2011-04-18,59.94781494140625,12036700
2011-04-19,60.20598602294922,5295100
2011-04-20,59.8187370300293,6754100
2011-04-21,59.767112731933594,3365600
2011-04-25,59.9930305480957,3626900
2011-04-26,60.57390213012695,7506300
2011-04-27,59.954288482666016,8869300
2011-04-28,60.41255187988281,8110200
2011-04-29,60.59969711303711,5900000
2011-05-02,60.69693374633789,5285100
2011-05-03,61.04051971435547,6486600
2011-05-04,61.31269836425781,7406300
2011-05-05,61.89612579345703,9600000
2011-05-06,61.62386703491211,9451500
2011-05-09,61.5590705871582,3731200
2011-05-10,61.11825942993164,5458300
2011-05-11,61.4682731628418,6078700
2011-05-12,61.079437255859375,8015800
2011-05-13,61.630306243896484,8380000
2011-05-16,61.97386169433594,6053600
2011-05-17,62.60912322998047,9826900
2011-05-18,61.7794303894043,7707600
2011-05-19,61.753475189208984,8052400
2011-05-20,61.785911560058594,5602300
2011-05-23,62.084075927734375,6300000
2011-05-24,62.31744384765625,5549100
2011-05-25,62.025733947753906,5664500
2011-05-26,62.557289123535156,8307900
2011-05-27,62.53132629394531,5390600
2011-05-31,62.6739501953125,7003900
2011-06-01,63.52094650268555,12746400
2011-06-02,62.31089782714844,15738700
2011-06-03,62.668731689453125,10644100
2011-06-06,62.19379806518555,8776900
2011-06-07,62.48002243041992,7399200
2011-06-08,62.96797180175781,7401800
2011-06-09,62.714271545410156,9963000
2011-06-10,63.19568634033203,7710800
2011-06-13,62.876869201660156,5540000
2011-06-14,61.927101135253906,8672400
2011-06-15,63.052589416503906,12979100
2011-06-16,63.33881759643555,10961200
2011-06-17,63.039554595947266,9622900
2011-06-20,63.11763381958008,6613800
2011-06-21,62.83790969848633,7894900
2011-06-22,62.876869201660156,5503700
2011-06-23,63.35831832885742,8586800
2011-06-24,63.091590881347656,7960900
2011-06-27,62.22632598876953,9331300
2011-06-28,61.725440979003906,12634300
2011-06-29,61.31559371948242,11084900
2011-06-30,61.21797561645508,11555600
2011-07-01,61.120025634765625,6637200
2011-07-05,61.25712585449219,4615600
2011-07-06,61.57047653198242,5652700
2011-07-07,61.38766098022461,6823700
2011-07-08,62.25589370727539,12129300
2011-07-11,63.189369201660156,9760800
2011-07-12,63.40474319458008,9083900
2011-07-13,63.58106994628906,13112200
2011-07-14,62.67364501953125,11471500
2011-07-15,62.77814865112305,7086200
2011-07-18,62.17102813720703,8206500
2011-07-19,63.46353530883789,15249400
2011-07-20,62.712825775146484,9673300
2011-07-21,62.229759216308594,11099200
2011-07-22,62.69978713989258,4974500
2011-07-25,62.01436996459961,10869400
2011-07-26,62.43867874145508,7682800
2011-07-27,62.445186614990234,11224200
2011-07-28,62.68020248413086,7081600
2011-07-29,63.92049026489258,19582400
2011-08-01,64.56564331054688,14348200
2011-08-02,66.5042953491211,20850600
2011-08-03,66.63528442382812,21179700
2011-08-04,69.00625610351562,34076600
2011-08-05,67.01517486572266,41677700
2011-08-08,69.13067626953125,38259500
2011-08-09,69.34027862548828,39881400
2011-08-10,71.40337371826172,46221000
2011-08-11,67.80110931396484,37790100
2011-08-12,69.14376831054688,15590800
2011-08-15,68.44296264648438,10051700
2011-08-16,69.57605743408203,15993200
2011-08-17,70.79424285888672,15906600
2011-08-18,72.24821472167969,27274600
2011-08-19,72.83118438720703,15708400
2011-08-22,72.64774322509766,13157700
2011-08-23,71.64571380615234,16017800
2011-08-24,69.60877227783203,14621600
2011-08-25,70.36200714111328,10565900
2011-08-26,71.05624389648438,11504800
2011-08-29,70.07377624511719,6764300
2011-08-30,71.20034790039062,9508700
2011-08-31,70.0999984741211,12186000
2011-09-01,71.58599090576172,10686600
2011-09-02,73.91152954101562,16557100
2011-09-06,74.68010711669922,14016200
2011-09-07,73.25460052490234,11524300
2011-09-08,73.91152954101562,11480900
2011-09-09,74.6998291015625,11492700
2011-09-12,74.77867889404297,7602200
2011-09-13,73.71443939208984,9282400
2011-09-14,74.33851623535156,11948500
2011-09-15,73.20207977294922,8884000
2011-09-16,73.73416137695312,10053500
2011-09-19,75.14000701904297,13033500
2011-09-20,75.45531463623047,6360600
2011-09-21,77.95164489746094,18687100
2011-09-22,80.88159942626953,25041400
2011-09-23,79.37716674804688,15173800
2011-09-26,78.1028060913086,15110100
2011-09-27,76.90711975097656,13589600
2011-09-28,76.88086700439453,12642600
2011-09-29,77.41291046142578,12341800
2011-09-30,79.35750579833984,13546400
2011-10-03,81.54141235351562,15882000
2011-10-04,80.50741577148438,17301400
2011-10-05,79.92781829833984,14275000
2011-10-06,78.45258331298828,9681600
2011-10-07,77.87300872802734,11564600
2011-10-10,76.77313995361328,3567600
2011-10-11,76.51627349853516,7520200
2011-10-12,75.40323638916016,14033400
2011-10-13,76.15404510498047,11263300
2011-10-14,75.04764556884766,8411000
2011-10-17,76.34503936767578,9664000
2011-10-18,75.8708724975586,12495600
2011-10-19,75.84449005126953,6629300
2011-10-20,75.3044662475586,7832100
2011-10-21,74.50757598876953,9906300
2011-10-24,74.63270568847656,6344500
2011-10-25,76.52948760986328,11791200
2011-10-26,75.19253540039062,12747000
2011-10-27,72.64375305175781,19471400
2011-10-28,73.40767669677734,10127900
2011-10-31,76.3187255859375,15242100
2011-11-01,78.87348175048828,24400600
2011-11-02,77.88956451416016,13181100
2011-11-03,76.81990814208984,8386700
2011-11-04,76.91233825683594,7583700
2011-11-07,77.40101623535156,9279700
2011-11-08,76.4105224609375,7539400
2011-11-09,77.99524688720703,13004500
2011-11-10,76.83309936523438,11644600
2011-11-11,76.3642807006836,2483900
2011-11-14,77.5924301147461,9252600
2011-11-15,77.48676300048828,7587500
2011-11-16,78.19332885742188,7470000
2011-11-17,78.82064056396484,9907900
2011-11-18,78.80079650878906,6792600
2011-11-21,79.26963806152344,7345600
2011-11-22,80.15447998046875,7866300
2011-11-23,80.9401626586914,10129300
2011-11-25,79.76482391357422,4311900
2011-11-28,79.72522735595703,7661900
2011-11-29,79.07151794433594,8952800
2011-11-30,77.83677673339844,11806800
2011-12-01,77.44625091552734,9647200
2011-12-02,78.53175354003906,7764900
2011-12-05,78.3729476928711,7862800
2011-12-06,77.62495422363281,8506300
2011-12-07,77.9029769897461,6588300
2011-12-08,78.8759765625,8800500
2011-12-09,77.25428771972656,9855100
2011-12-12,78.1147689819336,5734600
2011-12-13,78.8428726196289,8901800
2011-12-14,80.33232116699219,11247700
2011-12-15,80.034423828125,5438700
2011-12-16,80.96771240234375,9321900
2011-12-19,81.99369812011719,7845100
2011-12-20,79.94830322265625,13945400
2011-12-21,78.83629608154297,11600100
2011-12-22,79.16724395751953,5247400
2011-12-23,78.28684997558594,5409700
2011-12-27,78.65876007080078,4270300
2011-12-28,80.11309051513672,8302300
2011-12-29,80.25916290283203,4305000
2011-12-30,80.51815795898438,5948800
2012-01-03,79.30952453613281,9076900
2012-01-04,78.36661529541016,8417100
2012-01-05,78.22713470458984,6465800
2012-01-06,78.84471130371094,7348500
2012-01-09,78.70524597167969,5582400
2012-01-10,78.57242584228516,8932500
2012-01-11,79.5950927734375,8634500
2012-01-12,79.48220825195312,7205400
2012-01-13,80.27245330810547,9819000
2012-01-17,80.64433288574219,5449900
2012-01-18,79.66815948486328,5804000
2012-01-19,78.57242584228516,8625700
2012-01-20,77.68255615234375,6548200
2012-01-23,77.19112396240234,7274800
2012-01-24,77.33061981201172,5776500
2012-01-25,77.1446762084961,12867600
2012-01-26,78.1673583984375,7638500
2012-01-27,78.41305541992188,5165300
2012-01-30,79.33610534667969,8388400
2012-01-31,80.25251007080078,7998300
2012-02-01,79.333251953125,7925200
2012-02-02,79.29998016357422,5596900
2012-02-03,77.59586334228516,12467400
2012-02-06,78.36799621582031,6180600
2012-02-07,77.39616394042969,8794800
2012-02-08,77.4560546875,7613400
2012-02-09,76.87699127197266,11477700
2012-02-10,77.8754653930664,7193100
2012-02-13,77.97531127929688,6422900
2012-02-14,78.38799285888672,8271200
2012-02-15,78.24822998046875,6846100
2012-02-16,77.62251281738281,9036200
2012-02-17,77.60254669189453,6338000
2012-02-21,76.74386596679688,8338300
2012-02-22,77.70902252197266,7736800
2012-02-23,77.70902252197266,5163900
2012-02-24,78.21492767333984,5676900
2012-02-27,78.90721893310547,8180700
2012-02-28,78.64764404296875,6615700
2012-02-29,78.1683120727539,14235000
2012-03-01,77.43247985839844,12265600
2012-03-02,78.15967559814453,6669600
2012-03-05,77.53921508789062,6921900
2012-03-06,78.47993469238281,6299700
2012-03-07,77.99958038330078,5567500
2012-03-08,77.21894836425781,7982100
2012-03-09,77.37239074707031,6975600
2012-03-12,77.35906219482422,5280000
2012-03-13,75.998046875,14413600
2012-03-14,74.08322143554688,24515300
2012-03-15,74.1966323852539,14154000
2012-03-16,74.34346771240234,13427200
2012-03-19,73.45606231689453,14011400
2012-03-20,73.74964141845703,9443800
2012-03-21,74.58356475830078,10242000
2012-03-22,74.82382202148438,8009800
2012-03-23,75.53096008300781,8465300
2012-03-26,75.14400482177734,8118600
2012-03-27,75.6844253540039,6972300
2012-03-28,75.57769012451172,7886000
2012-03-29,76.14479064941406,7692900
2012-03-30,74.85708618164062,9467500
2012-04-02,75.2718734741211,8944000
2012-04-03,73.9675064086914,14774300
2012-04-04,74.9842300415039,10095600
2012-04-05,75.52606201171875,6364100
2012-04-09,77.29195404052734,14374600
2012-04-10,78.16822052001953,14421300
2012-04-11,77.23178100585938,8713000
2012-04-12,76.9106674194336,9008500
2012-04-13,78.15486145019531,8607700
2012-04-16,78.0411148071289,7735000
2012-04-17,77.9942855834961,5398600
2012-04-18,78.22173309326172,4074400
2012-04-19,78.29529571533203,5374300
2012-04-20,78.30865478515625,5043300
2012-04-23,78.87727355957031,5170100
2012-04-24,78.32210540771484,4336600
2012-04-25,77.92073822021484,8859500
2012-04-26,78.38896942138672,5133000
2012-04-27,78.45584869384766,3112900
2012-04-30,78.47589111328125,4198400
2012-05-01,78.06889343261719,7214300
2012-05-02,78.6187515258789,3565700
2012-05-03,78.59864807128906,3522900
2012-05-04,79.21550750732422,6367300
2012-05-07,79.22891998291016,3228200
2012-05-08,79.65132904052734,6051600
2012-05-09,79.7049789428711,5828900
2012-05-10,79.47029113769531,6300000
2012-05-11,80.12743377685547,5234300
2012-05-14,81.2471923828125,8789400
2012-05-15,81.57579040527344,6766400
2012-05-16,81.8104476928711,6462300
2012-05-17,83.25874328613281,14863400
2012-05-18,83.2788314819336,10137700
2012-05-21,83.10452270507812,9583500
2012-05-22,82.17921447753906,12475500
2012-05-23,82.74910736083984,11744900
2012-05-24,82.43400573730469,10256200
2012-05-25,82.74243927001953,4723600
2012-05-29,82.48767852783203,5874100
2012-05-30,84.5797119140625,17170800
2012-05-31,85.5586166381836,31174500
2012-06-01,87.58985137939453,23526000
2012-06-04,86.89775848388672,11681200
2012-06-05,85.73533630371094,12482800
2012-06-06,84.02200317382812,20806700
2012-06-07,84.149658203125,18898200
2012-06-08,84.1295166015625,11239600
2012-06-11,84.512451171875,10693800
2012-06-12,83.73985290527344,10921700
2012-06-13,84.56624603271484,11100000
2012-06-14,84.45872497558594,7688200
2012-06-15,84.92906188964844,6421400
2012-06-18,85.3859634399414,6698400
2012-06-19,84.27059173583984,8227900
2012-06-20,84.68719482421875,13720300
2012-06-21,85.13736724853516,9776600
2012-06-22,84.00182342529297,7830400
2012-06-25,85.22467803955078,6113800
2012-06-26,84.88872528076172,5359700
2012-06-27,85.02313232421875,5860700
2012-06-28,85.2314453125,5257800
2012-06-29,84.12278747558594,8881900
2012-07-02,84.99076080322266,7818500
2012-07-03,84.33758544921875,5773100
2012-07-05,84.76852416992188,5974700
2012-07-06,85.55635833740234,5818300
2012-07-09,86.31045532226562,5647000
2012-07-10,86.48561096191406,4288000
2012-07-11,86.59333801269531,5960900
2012-07-12,87.20609283447266,6421000
2012-07-13,86.97711181640625,4175300
2012-07-16,87.3811264038086,5283500
2012-07-17,86.69434356689453,5590900
2012-07-18,86.7414779663086,4011000
2012-07-19,86.51927947998047,5246300
2012-07-20,87.57637786865234,6365900
2012-07-23,88.06796264648438,6141100
2012-07-24,88.76154327392578,6748800
2012-07-25,88.99046325683594,5328000
2012-07-26,88.17572784423828,6606200
2012-07-27,86.51250457763672,14685100
2012-07-30,87.1589584350586,6025300
2012-07-31,87.33403015136719,7448600
2012-08-01,86.89740753173828,7972000
2012-08-02,87.38999938964844,7972000
2012-08-03,85.9797592163086,9084800
2012-08-06,86.01345825195312,3673600
2012-08-07,84.9068832397461,6613600
2012-08-08,84.45477294921875,7250700
2012-08-09,84.39403533935547,7553500
2012-08-10,84.8191146850586,4670500
2012-08-13,84.67737579345703,3543700
2012-08-14,83.53028106689453,7994000
2012-08-15,82.3562240600586,11191000
2012-08-16,81.65443420410156,13240000
2012-08-17,82.05256652832031,6341100
2012-08-20,82.22119903564453,4427100
2012-08-21,82.58560943603516,9532700
2012-08-22,83.94869232177734,11384400
2012-08-23,84.29955291748047,7139100
2012-08-24,84.2186050415039,5001400
2012-08-27,84.7111587524414,3906100
2012-08-28,84.91361236572266,3412600
2012-08-29,84.5425033569336,3762700
2012-08-30,84.98108673095703,3886400
2012-08-31,86.1821517944336,9192600
2012-09-04,86.0956039428711,6009300
2012-09-05,85.68992614746094,3466700
2012-09-06,84.26306915283203,6505100
2012-09-07,83.87085723876953,7335300
2012-09-10,84.07374572753906,4912100
2012-09-11,83.5462875366211,3523300
2012-09-12,82.50489807128906,7040900
2012-09-13,82.18035125732422,12280200
2012-09-14,79.99617004394531,16871600
2012-09-17,80.95638275146484,5573300
2012-09-18,81.36212921142578,5366200
2012-09-19,81.89630889892578,5903300
2012-09-20,82.09918212890625,4604200
2012-09-21,82.19384765625,4144300
2012-09-24,82.83626556396484,3627400
2012-09-25,83.65446472167969,5893500
2012-09-26,84.55387115478516,7193400
2012-09-27,83.95204162597656,5147700
2012-09-28,83.99939727783203,7173400
2012-10-01,84.31105041503906,4842600
2012-10-02,84.19587707519531,3540100
2012-10-03,84.22300720214844,3800900
2012-10-04,83.17263793945312,6214800
2012-10-05,82.09513092041016,8340700
2012-10-08,82.78642272949219,1568400
2012-10-09,82.63729095458984,4752700
2012-10-10,83.22008514404297,5429800
2012-10-11,83.79611206054688,5194100
2012-10-12,84.00611877441406,4934900
2012-10-15,83.8163833618164,3036100
2012-10-16,82.65764617919922,5398700
2012-10-17,81.89189910888672,6932500
2012-10-18,81.39044952392578,8558600
2012-10-19,82.49503326416016,7616700
2012-10-22,81.9664535522461,6910600
2012-10-23,83.13874053955078,5760600
2012-10-24,82.31886291503906,6824500
2012-10-25,81.89866638183594,5292500
2012-10-26,83.1048812866211,5889400
2012-10-31,83.59278869628906,5025600
2012-11-01,82.90835571289062,3659700
2012-11-02,82.84735107421875,3527800
2012-11-05,83.31494140625,2935700
2012-11-06,82.52890014648438,4484600
2012-11-07,84.02642822265625,10071000
2012-11-08,85.2733154296875,8579500
2012-11-09,85.36817932128906,5036900
2012-11-12,85.51046752929688,2072200
2012-11-13,85.79505920410156,2863800
2012-11-14,85.87637329101562,4694600
2012-11-15,85.70697784423828,5549600
2012-11-16,85.63243865966797,4591100
2012-11-19,85.15132141113281,3621600
2012-11-20,84.29752349853516,4659300
2012-11-21,84.25007629394531,2422800
2012-11-23,84.16875457763672,987200
2012-11-26,84.56852722167969,2799000
2012-11-27,84.90061950683594,2544400
2012-11-28,84.77861785888672,3569700
2012-11-29,84.79217529296875,2761000
2012-11-30,84.5617904663086,3702300
2012-12-03,84.63985443115234,5427800
2012-12-04,85.12872314453125,2586300
2012-12-05,85.08799743652344,1978200
2012-12-06,85.27131652832031,2301200
2012-12-07,84.48371124267578,4020900
2012-12-10,84.85714721679688,2134300
2012-12-11,84.21211242675781,3777900
2012-12-12,83.23445129394531,7119700
2012-12-13,83.29551696777344,6381500
2012-12-14,83.920166015625,3832800
2012-12-17,82.6640853881836,6870000
2012-12-18,81.82218933105469,12024200
2012-12-19,82.09375762939453,4880500
2012-12-20,82.10734558105469,4567900
2012-12-21,83.0035629272461,6087700
2012-12-24,82.85417938232422,1071100
2012-12-26,83.15220642089844,2247800
2012-12-27,83.4312515258789,4262700
2012-12-28,83.90752410888672,3928200
2012-12-31,82.4581298828125,6423000
2013-01-02,81.3558349609375,7472700
2013-01-03,80.25347137451172,10004300
2013-01-04,80.56643676757812,9574600
2013-01-07,80.6004638671875,4193100
2013-01-08,81.13126373291016,4380900
2013-01-09,81.05644989013672,3870300
2013-01-10,80.83184814453125,5602800
2013-01-11,81.55318450927734,4770700
2013-01-14,81.32860565185547,3064600
2013-01-15,81.70282745361328,5357800
2013-01-16,81.87294006347656,4286100
2013-01-17,81.05644989013672,7019200
2013-01-18,81.68247985839844,4660000
2013-01-22,81.8388900756836,3874100
2013-01-23,81.71646118164062,2848800
2013-01-24,81.43065643310547,4178900
2013-01-25,80.31468963623047,8750700
2013-01-28,80.0221176147461,6059900
2013-01-29,79.57976531982422,5553900
2013-01-30,79.44375610351562,9586800
2013-01-31,79.83158874511719,6789200
2013-02-01,78.79498291015625,10928600
2013-02-04,79.80426025390625,9291900
2013-02-05,79.09500885009766,6676500
2013-02-06,79.74293518066406,5892000
2013-02-07,79.56560516357422,5951700
2013-02-08,79.87250518798828,5603400
2013-02-11,79.8111572265625,3679900
2013-02-12,79.61334228515625,4513700
2013-02-13,78.96549987792969,6586400
2013-02-14,79.68158721923828,7096000
2013-02-15,79.44970703125,5861800
2013-02-19,79.05414581298828,7383600
2013-02-20,79.2928466796875,9603900
2013-02-21,79.75652313232422,8297400
2013-02-22,79.8111572265625,5316900
2013-02-25,81.37968444824219,15948700
2013-02-26,80.90909576416016,9822100
2013-02-27,80.6704330444336,7459600
2013-02-28,80.82044219970703,6023400
2013-03-01,81.26055908203125,7786800
2013-03-04,80.83002471923828,4511400
2013-03-05,80.59760284423828,6539300
2013-03-06,79.8663558959961,6514900
2013-03-07,79.25125122070312,8526700
2013-03-08,78.42435455322266,15423600
2013-03-11,78.49951171875,5815800
2013-03-12,79.06671142578125,9264200
2013-03-13,78.98473358154297,7371500
2013-03-14,78.74553680419922,9352100
2013-03-15,79.11457824707031,9673400
2013-03-18,79.7160415649414,9152200
2013-03-19,80.25594329833984,11986200
2013-03-20,79.36063385009766,8543900
2013-03-21,80.12610626220703,6119400
2013-03-22,80.1875991821289,6323800
2013-03-25,80.1124038696289,5839800
2013-03-26,80.20809173583984,5093200
2013-03-27,80.89152526855469,7742900
2013-03-28,80.48143005371094,5826400
2013-04-01,81.08758544921875,6113800
2013-04-02,80.75887298583984,5438000
2013-04-03,81.48485565185547,9527400
2013-04-04,82.45748138427734,9365700
2013-04-05,84.1218032836914,18626200
2013-04-08,83.47797393798828,8020300
2013-04-09,83.27251434326172,7176100
2013-04-10,82.128662109375,10765200
2013-04-11,82.28618621826172,7501800
2013-04-12,83.51225280761719,9253000
2013-04-15,84.23825073242188,12948400
2013-04-16,83.54652404785156,6553500
2013-04-17,84.10128784179688,9020900
2013-04-18,84.3067626953125,7009500
2013-04-19,84.12865447998047,5474300
2013-04-22,84.19029998779297,4519400
2013-04-23,83.89579010009766,8042900
2013-04-24,84.10810089111328,3673600
2013-04-25,83.74510192871094,4297800
2013-04-26,84.51219177246094,4898800
2013-04-29,84.2039794921875,4916000
2013-04-30,84.2519302368164,4477400
2013-05-01,85.11748504638672,10724600
2013-05-02,85.00763702392578,4171800
2013-05-03,83.00341796875,11283600
2013-05-06,82.79751586914062,5121900
2013-05-07,82.47493743896484,5049200
2013-05-08,82.60533905029297,5732900
2013-05-09,82.39258575439453,7527000
2013-05-10,81.50712585449219,11689000
2013-05-13,80.8825454711914,8050800
2013-05-14,80.00395965576172,9236100
2013-05-15,80.53933715820312,14608600
2013-05-16,81.37671661376953,8458400
2013-05-17,80.34715270996094,7435500
2013-05-20,80.25109100341797,5839800
2013-05-21,80.8825454711914,7781800
2013-05-22,79.68136596679688,18361500
2013-05-23,80.05888366699219,9207100
2013-05-24,80.16869354248047,5357600
2013-05-28,78.13701629638672,13567500
2013-05-29,79.01554870605469,11298600
2013-05-30,78.82339477539062,10011800
2013-05-31,78.55570983886719,18158800
2013-06-03,78.97198486328125,15564500
2013-06-04,78.24261474609375,7504300
2013-06-05,79.32286834716797,8056100
2013-06-06,79.27471160888672,8925200
2013-06-07,77.85741424560547,10459300
2013-06-10,77.48585510253906,7892600
2013-06-11,78.40782928466797,12841200
2013-06-12,77.28630828857422,10193200
2013-06-13,78.4971923828125,12506300
2013-06-14,78.31146240234375,6679100
2013-06-17,77.89862060546875,5982100
2013-06-18,77.93989562988281,5192700
2013-06-19,77.1349105834961,17138200
2013-06-20,75.86893463134766,27898500
2013-06-21,74.58236694335938,19781000
2013-06-24,74.89201354980469,24588900
2013-06-25,74.22454071044922,11078000
2013-06-26,74.7061996459961,13582200
2013-06-27,75.46990203857422,12026000
2013-06-28,75.98592376708984,12017000
2013-07-01,76.13904571533203,5500400
2013-07-02,76.09071350097656,5333900
2013-07-03,75.86319732666016,3839000
2013-07-05,73.27716827392578,14511900
2013-07-08,73.98745727539062,8044200
2013-07-09,74.06331634521484,4700400
2013-07-10,73.48410034179688,10792200
2013-07-11,74.34601593017578,10035500
2013-07-12,74.28401947021484,4730800
2013-07-15,74.67711639404297,4574800
2013-07-16,74.93220520019531,3650200
2013-07-17,75.07014465332031,5932000
2013-07-18,74.13228607177734,9066400
2013-07-19,75.3045883178711,8523800
2013-07-22,75.4149398803711,3972600
2013-07-23,75.0976791381836,5015500
2013-07-24,74.14603424072266,8853100
2013-07-25,74.11848449707031,6443400
2013-07-26,74.57361602783203,6795500
2013-07-29,74.0288314819336,6397800
2013-07-30,74.00125122070312,3635400
2013-07-31,74.27019500732422,10483100
2013-08-01,72.83911895751953,13568600
2013-08-02,73.64105224609375,9568400
2013-08-05,73.07415771484375,6611800
2013-08-06,73.28849029541016,4589000
2013-08-07,73.83464050292969,7183400
2013-08-08,74.0351333618164,5510900
2013-08-09,74.15263366699219,3623400
2013-08-12,73.6479721069336,7562800
2013-08-13,72.58331298828125,11485600
2013-08-14,72.69393920898438,6431600
2013-08-15,71.7122573852539,11846300
2013-08-16,71.46337890625,10175900
2013-08-19,70.84115600585938,9022000
2013-08-20,71.38731384277344,10050100
2013-08-21,70.60612487792969,13248800
2013-08-22,71.3250732421875,8751200
2013-08-23,72.09941101074219,17441200
2013-08-26,72.4588623046875,5879100
2013-08-27,73.3714370727539,11573300
2013-08-28,72.77690124511719,7497900
2013-08-29,73.35763549804688,6672400
2013-08-30,73.2746810913086,8987600
2013-09-03,72.2412109375,12084300
2013-09-04,72.08172607421875,4579600
2013-09-05,71.07669830322266,12290600
2013-09-06,71.43011474609375,9478400
2013-09-09,71.4648666381836,6874900
2013-09-10,70.96578979492188,8069000
2013-09-11,71.59654235839844,8962400
2013-09-12,71.49948120117188,6254400
2013-09-13,71.77674865722656,6106200
2013-09-16,71.29841613769531,8231600
2013-09-17,71.88766479492188,8795300
2013-09-18,72.77494049072266,19749200
2013-09-19,72.34510040283203,11627800
2013-09-20,72.72638702392578,8421000
2013-09-23,73.26014709472656,10242100
2013-09-24,74.05030059814453,11446600
2013-09-25,74.2027816772461,8130900
2013-09-26,73.68292236328125,5117100
2013-09-27,73.86314392089844,6460000
2013-09-30,73.75228118896484,8438800
2013-10-01,73.5284194946289,7592500
2013-10-02,73.6396713256836,5967200
2013-10-03,73.5215072631836,6648900
2013-10-04,73.4659423828125,5545300
2013-10-07,73.76477813720703,5761100
2013-10-08,73.78557586669922,5904000
2013-10-09,73.19483947753906,8439000
2013-10-10,73.31303405761719,9944100
2013-10-11,73.29219055175781,6500800
2013-10-14,72.70146942138672,4205600
2013-10-15,72.6528091430664,8291000
2013-10-16,73.56322479248047,14460200
2013-10-17,74.23040008544922,11303400
2013-10-18,74.3902587890625,9487800
2013-10-21,74.15392303466797,6161600
2013-10-22,74.98094940185547,9708500
2013-10-23,75.2728500366211,9163100
2013-10-24,74.98094940185547,7631400
2013-10-25,75.25898742675781,4429500
2013-10-28,75.00181579589844,6466400
2013-10-29,75.09906768798828,5270500
2013-10-30,74.64738464355469,10199300
2013-10-31,74.80725860595703,11452100
2013-11-01,73.99752807617188,11349500
2013-11-04,74.06717681884766,4733200
2013-11-05,73.1822280883789,8753400
2013-11-06,73.21705627441406,5643000
2013-11-07,73.83722686767578,7893700
2013-11-08,72.060302734375,16889900
2013-11-11,71.78849792480469,4927200
2013-11-12,72.12295532226562,4839500
2013-11-13,72.38776397705078,5782900
2013-11-14,72.83377075195312,8895500
2013-11-15,72.9801254272461,6344800
2013-11-18,73.4191665649414,5451300
2013-11-19,72.86167907714844,7251100
2013-11-20,71.62122344970703,14190900
2013-11-21,71.7397232055664,8903000
2013-11-22,72.40869140625,7950700
2013-11-25,72.61771392822266,3755500
2013-11-26,72.88954162597656,6659200
2013-11-27,72.76407623291016,6063000
2013-11-29,72.78494262695312,5084400
2013-12-02,72.21886444091797,7527800
2013-12-03,72.48445892333984,5076900
2013-12-04,71.79252624511719,8502700
2013-12-05,71.5898208618164,7445700
2013-12-06,71.93232727050781,7352000
2013-12-09,72.10009002685547,5678800
2013-12-10,72.61720275878906,7040400
2013-12-11,72.05813598632812,8190900
2013-12-12,71.78556823730469,6208600
2013-12-13,72.1349868774414,6471300
2013-12-16,71.86942291259766,6376400
2013-12-17,72.19091796875,6014400
2013-12-18,71.82745361328125,12973200
2013-12-19,71.757568359375,6708400
2013-12-20,72.86187744140625,12425700
2013-12-23,72.44950866699219,6378600
2013-12-24,71.86942291259766,4897000
2013-12-26,71.59246063232422,4645300
2013-12-27,71.38909912109375,4755000
2013-12-30,71.87994384765625,4491700
2013-12-31,71.42418670654297,7218600
2014-01-02,71.64156341552734,8580800
2014-01-03,71.64156341552734,4083800
2014-01-06,71.94305419921875,7796200
2014-01-07,72.1253433227539,4428100
2014-01-08,71.92902374267578,8513000
2014-01-09,72.3497543334961,6991100
2014-01-10,73.21222686767578,13197400
2014-01-13,73.57683563232422,9667400
2014-01-14,73.2402572631836,10343100
2014-01-15,73.16313171386719,7507500
2014-01-16,73.65396118164062,7137700
2014-01-17,73.96250915527344,7588600
2014-01-21,74.01856231689453,6436000
2014-01-22,73.83631896972656,4646700
2014-01-23,74.88105010986328,12960600
2014-01-24,75.36489868164062,11122200
2014-01-27,74.8389892578125,9218200
2014-01-28,75.02127838134766,5661500
2014-01-29,75.63835144042969,11709400
2014-01-30,75.42096710205078,5956900
2014-01-31,75.92591094970703,14690900
2014-02-03,76.85100555419922,20780300
2014-02-04,76.03553771972656,9573500
2014-02-05,75.33256530761719,10312200
2014-02-06,75.00918579101562,5708700
2014-02-07,75.0724105834961,7039200
2014-02-10,75.28334045410156,4370500
2014-02-11,74.84746551513672,5904900
2014-02-12,74.46086120605469,6723300
2014-02-13,74.88264465332031,6874600
2014-02-14,74.9248275756836,4989100
2014-02-18,75.09349060058594,4855800
2014-02-19,74.77720642089844,5522500
2014-02-20,74.59437561035156,5103200
2014-02-21,74.98808288574219,5250700
2014-02-24,74.79822540283203,3816700
2014-02-25,75.46610260009766,6225400
2014-02-26,75.8667984008789,7203900
2014-02-27,76.2815933227539,5394700
2014-02-28,76.32373809814453,8462600
2014-03-03,76.83325958251953,11089400
2014-03-04,75.67756652832031,8068100
2014-03-05,75.83963012695312,4798500
2014-03-06,75.09265899658203,7418200
2014-03-07,74.62049102783203,8270300
2014-03-10,74.72621154785156,3744300
2014-03-11,74.92351531982422,3815700
2014-03-12,75.44502258300781,6430500
2014-03-13,76.45975494384766,11815500
2014-03-14,76.47384643554688,9232800
2014-03-17,75.90302276611328,7381900
2014-03-18,76.1778564453125,4819500
2014-03-19,75.58595275878906,11557600
2014-03-20,75.45203399658203,5224400
2014-03-21,76.26947021484375,8986200
2014-03-24,76.81208801269531,7536400
2014-03-25,76.52315521240234,5032000
2014-03-26,77.12218475341797,7147200
2014-03-27,77.50975036621094,9772200
2014-03-28,77.07279968261719,6027000
2014-03-31,76.88250732421875,7488400
2014-04-01,76.22550201416016,9067300
2014-04-02,75.7874526977539,6887200
2014-04-03,76.11954498291016,4937400
2014-04-04,76.62825012207031,8977500
2014-04-07,77.08746337890625,7562500
2014-04-08,77.27114868164062,4213800
2014-04-09,76.8896713256836,5771500
2014-04-10,77.60318756103516,12706400
2014-04-11,78.23201751708984,10267000
2014-04-14,78.0271224975586,4142600
2014-04-15,78.51463317871094,7752000
2014-04-16,78.61351776123047,5523000
2014-04-17,77.7516098022461,8622500
2014-04-21,77.68800354003906,4316300
2014-04-22,77.94938659667969,5748700
2014-04-23,78.39453887939453,5748600
2014-04-24,78.54285430908203,6337800
2014-04-25,78.6558837890625,5976500
2014-04-28,78.27439880371094,7606000
2014-04-29,78.16841888427734,5235200
2014-04-30,78.49342346191406,7721400
2014-05-01,79.33554077148438,11556500
2014-05-02,79.8241958618164,12702100
2014-05-05,79.34258270263672,8043000
2014-05-06,79.66127014160156,6522600
2014-05-07,79.37801361083984,8199200
2014-05-08,79.03803253173828,10878800
2014-05-09,78.7830810546875,6000600
2014-05-12,78.46437072753906,4563800
2014-05-13,79.1442642211914,5501000
2014-05-14,80.00125122070312,8851400
2014-05-15,80.63861083984375,12627900
2014-05-16,80.41200256347656,5019200
2014-05-19,79.81710052490234,7403300
2014-05-20,79.99415588378906,6549800
2014-05-21,79.50547790527344,8224600
2014-05-22,79.39215087890625,6495700
2014-05-23,79.81710052490234,3835000
2014-05-27,80.2845458984375,6658300
2014-05-28,81.27603149414062,10361000
2014-05-29,80.84402465820312,10692000
2014-05-30,80.80864715576172,6518900
2014-06-02,80.20795440673828,11728200
2014-06-03,79.2209243774414,12694100
2014-06-04,79.19960021972656,7882000
2014-06-05,79.23516845703125,6915600
2014-06-06,79.23516845703125,7832800
2014-06-09,79.12152099609375,5162800
2014-06-10,78.83035278320312,5986000
2014-06-11,78.9723892211914,5569700
2014-06-12,79.67533111572266,9775900
2014-06-13,79.63277435302734,5412500
2014-06-16,79.83157348632812,5184600
2014-06-17,79.19960021972656,6668800
2014-06-18,79.81028747558594,11256500
2014-06-19,78.7878189086914,14215500
2014-06-20,79.38426971435547,7319100
2014-06-23,79.13572692871094,5821700
2014-06-24,79.93809509277344,9698300
2014-06-25,80.14399719238281,5699300
2014-06-26,80.52745056152344,6628900
2014-06-27,80.40672302246094,7216500
2014-06-30,80.60552215576172,5593100
2014-07-01,79.93069458007812,8019200
2014-07-02,79.076416015625,9382500
2014-07-03,78.79168701171875,6173900
2014-07-07,79.36830139160156,5928900
2014-07-08,80.25809478759766,6352100
2014-07-09,80.32220458984375,6395200
2014-07-10,80.34358215332031,7196900
2014-07-11,80.85615539550781,4676500
2014-07-14,80.50730895996094,4743300
2014-07-15,80.34358215332031,7720000
2014-07-16,80.77069091796875,4615800
2014-07-17,81.78872680664062,10901000
2014-07-18,81.52529907226562,6677900
2014-07-21,81.93109893798828,5724100
2014-07-22,82.1019058227539,5753200
2014-07-23,81.99518585205078,3489600
2014-07-24,81.38294982910156,6609000
2014-07-25,82.34398651123047,7041800
2014-07-28,82.23009490966797,5138300
2014-07-29,82.52906799316406,6579300
2014-07-30,81.38294982910156,12251200
2014-07-31,81.14091491699219,18254000
2014-08-01,81.76902770996094,14951200
2014-08-04,81.55488586425781,5183800
2014-08-05,81.81896209716797,8032000
2014-08-06,81.86892700195312,7289200
2014-08-07,82.63260650634766,9745500
2014-08-08,82.45417022705078,9536700
2014-08-11,82.44709014892578,6668800
2014-08-12,81.91173553466797,8122400
2014-08-13,82.44709014892578,8210500
2014-08-14,83.11083221435547,9028200
2014-08-15,84.0173568725586,17606700
2014-08-18,83.18225860595703,7595300
2014-08-19,82.92529296875,5936900
2014-08-20,82.78968811035156,7275600
2014-08-21,83.25360870361328,6790700
2014-08-22,83.71755981445312,10149900
2014-08-25,84.03163146972656,5760700
2014-08-26,83.76043701171875,5487600
2014-08-27,84.47413635253906,7265800
2014-08-28,84.91667938232422,9463600
2014-08-29,84.97379302978516,8512900
2014-09-02,83.5079345703125,10506000
2014-09-03,83.97295379638672,6553900
2014-09-04,82.9499740600586,12528900
2014-09-05,82.79259490966797,6886000
2014-09-08,82.82830810546875,9326400
2014-09-09,82.76388549804688,5353100
2014-09-10,82.24169158935547,8729400
2014-09-11,81.9698486328125,9274800
2014-09-12,81.11135864257812,11114900
2014-09-15,81.2330322265625,5510700
2014-09-16,80.90393829345703,9304700
2014-09-17,80.69644927978516,12917000
2014-09-18,80.95401000976562,7031200
2014-09-19,81.98416137695312,13236900
2014-09-22,82.0843276977539,6617200
2014-09-23,82.59225463867188,6362400
2014-09-24,82.13445281982422,5223300
2014-09-25,83.10731506347656,8947800
2014-09-26,82.98573303222656,7799600
2014-09-29,83.65103912353516,6791800
2014-09-30,83.17886352539062,7277500
2014-10-01,84.79183959960938,17194900
2014-10-02,84.05315399169922,8251800
2014-10-03,84.41173553466797,8561500
2014-10-06,84.46192932128906,4485500
2014-10-07,85.6021728515625,8837700
2014-10-08,85.6236801147461,9391300
2014-10-09,85.25080871582031,10291700
2014-10-10,86.09705352783203,8774400
2014-10-13,86.62060546875,6450700
2014-10-14,87.18717193603516,11285400
2014-10-15,87.87561798095703,37407500
2014-10-16,87.3162612915039,18096600
2014-10-17,86.82860565185547,8524300
2014-10-20,87.1441421508789,7742500
2014-10-21,86.44847106933594,9754700
2014-10-22,86.54170227050781,9260200
2014-10-23,85.77433776855469,10936300
2014-10-24,85.86041259765625,5704900
2014-10-27,86.0182113647461,3391900
2014-10-28,85.48029327392578,5141300
2014-10-29,85.67393493652344,9105100
2014-10-30,85.74561309814453,7024400
2014-10-31,85.5232925415039,6664200
2014-11-03,85.52330780029297,9726600
2014-11-04,85.78932189941406,3664800
2014-11-05,85.66710662841797,4799600
2014-11-06,85.11354064941406,5901900
2014-11-07,86.09126281738281,8550500
2014-11-10,85.3005142211914,4787300
2014-11-11,85.35797119140625,2416500
2014-11-12,85.28602600097656,4040800
2014-11-13,85.48738098144531,4475900
2014-11-14,85.90435791015625,5191200
2014-11-17,85.68866729736328,4726200
2014-11-18,85.9259262084961,4471200
2014-11-19,85.37958526611328,5792500
2014-11-20,85.82527160644531,5683600
2014-11-21,86.34288787841797,3640100
2014-11-24,86.414794921875,4033900
2014-11-25,87.13370513916016,6770000
2014-11-26,87.3709945678711,4339100
2014-11-28,88.06111145019531,4562200
2014-12-01,87.54736328125,7728600
2014-12-02,86.69708251953125,5757200
2014-12-03,87.03581237792969,4868600
2014-12-04,87.76353454589844,4250500
2014-12-05,87.25193786621094,8030700
2014-12-08,88.31840515136719,6021800
2014-12-09,88.7723388671875,6639700
2014-12-10,89.42083740234375,6439200
2014-12-11,89.788330078125,7863500
2014-12-12,91.00603485107422,9317400
2014-12-15,90.8187255859375,9387400
2014-12-16,91.94276428222656,7426400
2014-12-17,91.11410522460938,11558800
2014-12-18,89.49286651611328,12758200
2014-12-19,90.69619750976562,7894500
2014-12-22,90.8187255859375,4118800
2014-12-23,89.01728057861328,7406100
2014-12-24,89.50179290771484,4871400
2014-12-26,89.83397674560547,2921300
2014-12-29,90.50553131103516,4070700
2014-12-30,90.75105285644531,4372600
2014-12-31,90.92435455322266,4993300
2015-01-02,91.93524169921875,9432000
2015-01-05,93.37944030761719,9789500
2015-01-06,95.06183624267578,18331300
2015-01-07,94.87406158447266,9762900
2015-01-08,93.61766052246094,8055300
2015-01-09,94.64308166503906,9398800
2015-01-12,95.18460845947266,6658100
2015-01-13,95.18460845947266,8260800
2015-01-14,95.90666961669922,12324500
2015-01-15,97.41580200195312,11454200
2015-01-16,96.17389678955078,9390500
2015-01-20,97.45198059082031,7758700
2015-01-21,96.32543182373047,9803900
2015-01-22,95.97885131835938,10200000
2015-01-23,97.3147201538086,7334600
2015-01-26,97.01868438720703,5966500
2015-01-27,97.17031860351562,8079600
2015-01-28,98.75888061523438,12230300
2015-01-29,98.10900115966797,8881400
2015-01-30,99.84922790527344,14871200
2015-02-02,99.47227478027344,13689900
2015-02-03,97.36678314208984,14008700
2015-02-04,97.53321838378906,11360400
2015-02-05,96.46234130859375,8334600
2015-02-06,94.75479125976562,13685600
2015-02-09,94.6028823852539,8025500
2015-02-10,93.85037231445312,8290700
2015-02-11,94.02397918701172,6506400
2015-02-12,93.71287536621094,12548300
2015-02-13,92.75061798095703,8325200
2015-02-17,91.3541488647461,14968800
2015-02-18,91.89680480957031,14009200
2015-02-19,91.28905487060547,8584800
2015-02-20,91.55671691894531,12502500
2015-02-23,92.60584259033203,7500500
2015-02-24,93.8214340209961,11958300
2015-02-25,94.22659301757812,8019800
2015-02-26,92.93870544433594,11020500
2015-02-27,93.72013092041016,9225100
2015-03-02,91.97443389892578,11324000
2015-03-03,91.6409683227539,8599000
2015-03-04,91.66997528076172,6478900
2015-03-05,91.55396270751953,6045000
2015-03-06,89.53137969970703,20022900
2015-03-09,90.35778045654297,8889100
2015-03-10,91.54672241210938,9277900
2015-03-11,92.21367645263672,6663100
2015-03-12,92.14838409423828,10295900
2015-03-13,91.86569213867188,7247200
2015-03-16,92.75016021728516,6374600
2015-03-17,93.51856994628906,6314000
2015-03-18,95.32373809814453,13981900
2015-03-19,94.8379898071289,9543800
2015-03-20,95.33817291259766,5953800
2015-03-23,95.22223663330078,5555500
2015-03-24,96.14291381835938,6713000
2015-03-25,95.33099365234375,5635800
2015-03-26,93.84480285644531,9536300
2015-03-27,95.01201629638672,7907900
2015-03-30,94.5407943725586,7010600
2015-03-31,94.74372100830078,6844300
2015-04-01,95.9881820678711,9273900
2015-04-02,94.9710922241211,6663400
2015-04-06,94.4408187866211,5923800
2015-04-07,95.23265075683594,4764900
2015-04-08,95.26168823242188,5378900
2015-04-09,94.0267105102539,6484200
2015-04-10,94.16472625732422,4843000
2015-04-13,94.2955093383789,4010600
2015-04-14,94.96385955810547,6075500
2015-04-15,94.88394927978516,4425200
2015-04-16,94.41175079345703,7085500
2015-04-17,95.49418640136719,7268800
2015-04-20,94.6514663696289,4949400
2015-04-21,94.22286224365234,4563800
2015-04-22,92.78448486328125,9707600
2015-04-23,93.18402862548828,6843400
2015-04-24,93.76522827148438,4773000
2015-04-27,93.76522827148438,4334900
2015-04-28,92.47212982177734,7464300
2015-04-29,91.33879852294922,11554800
2015-04-30,91.49862670898438,12876000
2015-05-01,90.26692199707031,12378500
2015-05-04,89.41519165039062,9144700
2015-05-05,89.29145050048828,13935500
2015-05-06,87.76274108886719,14355000
2015-05-07,88.94202423095703,11933700
2015-05-08,89.18224334716797,11716400
2015-05-11,87.0129165649414,13738600
2015-05-12,87.23859405517578,15861700
2015-05-13,86.53977966308594,15760000
2015-05-14,86.77267456054688,9128400
2015-05-15,88.5125503540039,12630600
2015-05-18,87.02745056152344,10208300
2015-05-19,86.25587463378906,8435300
2015-05-20,86.40145874023438,7789700
2015-05-21,87.60986328125,11760700
2015-05-22,87.6462631225586,5417900
2015-05-26,89.1458740234375,10469700
2015-05-27,89.34971618652344,6490300
2015-05-28,89.13130950927734,6237600
2015-05-29,89.327880859375,7912000
2015-06-01,88.36778259277344,13108100
2015-06-02,87.13490295410156,10076200
2015-06-03,85.73416900634766,14810900
2015-06-04,86.85034942626953,10859300
2015-06-05,85.79258728027344,11200200
2015-06-08,85.69773864746094,5334000
2015-06-09,85.01923370361328,12393900
2015-06-10,84.27516174316406,12183600
2015-06-11,86.04790496826172,13849300
2015-06-12,86.04790496826172,7863100
2015-06-15,86.18647766113281,8194200
2015-06-16,86.8649673461914,7046400
2015-06-17,86.19378662109375,13626100
2015-06-18,85.77066802978516,10123300
2015-06-19,86.87223815917969,10439200
2015-06-22,85.09952545166016,9769000
2015-06-23,84.5888442993164,8945100
2015-06-24,85.318359375,8600400
2015-06-25,85.01923370361328,8287800
2015-06-26,84.0635757446289,11673000
2015-06-29,86.28868103027344,17132900
2015-06-30,85.69042205810547,13469000
2015-07-01,84.53372192382812,12451500
2015-07-02,84.81157684326172,6682100
2015-07-06,86.3835220336914,10605800
2015-07-07,87.19505310058594,16160100
2015-07-08,87.94816589355469,9951800
2015-07-09,86.21537017822266,11108900
2015-07-10,84.84815979003906,13636600
2015-07-13,84.58490753173828,8006700
2015-07-14,84.86276245117188,4227800
2015-07-15,85.7620849609375,8720400
2015-07-16,86.35430908203125,7306500
2015-07-17,86.8002700805664,7404900
2015-07-20,86.43473815917969,5941000
2015-07-21,86.90263366699219,5627500
2015-07-22,87.44369506835938,6228900
2015-07-23,88.53307342529297,9087700
2015-07-24,88.7524185180664,7307900
2015-07-27,89.22764587402344,8172000
2015-07-28,88.57693481445312,9128200
2015-07-29,88.2479248046875,6706400
2015-07-30,88.9278564453125,6146600
2015-07-31,89.58587646484375,9178400
2015-08-03,90.52894592285156,11753700
2015-08-04,89.81085205078125,6448800
2015-08-05,89.13673400878906,7574400
2015-08-06,89.92810821533203,6118100
2015-08-07,91.1077880859375,8317000
2015-08-10,89.97937774658203,7461700
2015-08-11,91.40821838378906,11145700
2015-08-12,90.90995025634766,8455200
2015-08-13,90.6168441772461,7691400
2015-08-14,90.82933807373047,4324700
2015-08-17,91.23973083496094,7880300
2015-08-18,90.52163696289062,5024300
2015-08-19,91.41555786132812,10736000
2015-08-20,92.33879852294922,9078300
2015-08-21,92.6171875,10718300
2015-08-24,92.5879135131836,16663400
2015-08-25,91.10047149658203,15354800
2015-08-26,89.3418960571289,16429900
2015-08-27,89.39320373535156,9127000
2015-08-28,89.65694427490234,9946200
2015-08-31,88.96818542480469,8617600
2015-09-01,89.60928344726562,15298200
2015-09-02,88.83824157714844,9515200
2015-09-03,89.27146911621094,7042500
2015-09-04,90.0865707397461,7951300
2015-09-08,88.7574462890625,7049500
2015-09-09,89.18340301513672,7441900
2015-09-10,88.58126831054688,6789700
2015-09-11,89.13932037353516,5890900
2015-09-14,89.27886962890625,4221700
2015-09-15,87.56784057617188,11895000
2015-09-16,87.2374038696289,6949800
2015-09-17,88.30220031738281,19843600
2015-09-18,89.66068267822266,14963300
2015-09-21,88.19937896728516,10085600
2015-09-22,89.42567443847656,9968200
2015-09-23,89.41830444335938,6769900
2015-09-24,90.0278091430664,9605800
2015-09-25,89.24939727783203,8383700
2015-09-28,90.77682495117188,9833400
2015-09-29,91.03386688232422,9006100
2015-09-30,90.71814727783203,9832600
2015-10-01,91.10519409179688,9069400
2015-10-02,91.65702056884766,13000400
2015-10-05,90.41346740722656,11362700
2015-10-06,90.80345916748047,5687800
2015-10-07,90.50174713134766,6712800
2015-10-08,89.7438735961914,12882300
2015-10-09,89.97930145263672,9038100
2015-10-12,90.6636962890625,4241000
2015-10-13,90.81816101074219,6147200
2015-10-14,91.61290740966797,9738100
2015-10-15,91.16397094726562,6924300
2015-10-16,91.19345092773438,8048300
2015-10-19,90.94327545166016,6238400
2015-10-20,90.38404846191406,6431300
2015-10-21,91.28174591064453,6603800
2015-10-22,91.4363021850586,6934100
2015-10-23,90.65630340576172,7058200
2015-10-26,91.25967407226562,5859800
2015-10-27,91.48780059814453,7156800
2015-10-28,91.11990356445312,8468700
2015-10-29,89.67024230957031,12108000
2015-10-30,90.34722137451172,11861400
2015-11-02,89.93205261230469,8751000
2015-11-03,89.1946029663086,8921600
2015-11-04,89.2978286743164,5980800
2015-11-05,89.0618667602539,7268400
2015-11-06,87.75657653808594,10604700
2015-11-09,87.26250457763672,9159500
2015-11-10,87.5206069946289,6712500
2015-11-11,87.33622741699219,2857900
2015-11-12,87.75657653808594,6805700
2015-11-13,88.25804138183594,7906600
2015-11-16,88.1769027709961,5485300
2015-11-17,88.32440185546875,5122900
2015-11-18,88.50872802734375,5233900
2015-11-19,89.09873962402344,6643000
2015-11-20,88.82588958740234,5971000
2015-11-23,89.09873962402344,5436300
2015-11-24,89.09135437011719,3371500
2015-11-25,89.2978286743164,3280900
2015-11-27,89.20932006835938,2570600
2015-11-30,89.5633544921875,5179800
2015-12-01,90.77308654785156,12766600
2015-12-02,90.80262756347656,7345800
2015-12-03,88.3343276977539,16612200
2015-12-04,89.11029815673828,11843800
2015-12-07,89.97496795654297,9016700
2015-12-08,90.01927185058594,7257500
2015-12-09,89.92324829101562,8993900
2015-12-10,90.04147338867188,5606900
2015-12-11,91.46034240722656,12300000
2015-12-14,90.27798461914062,10661100
2015-12-15,89.74588012695312,8795500
2015-12-16,89.55370330810547,10988600
2015-12-17,90.5661849975586,9923000
2015-12-18,91.06868743896484,10171700
2015-12-21,91.04650115966797,7494900
2015-12-22,90.38880920410156,5445800
2015-12-23,89.70891571044922,7287100
2015-12-24,90.22284698486328,3364600
2015-12-28,90.48944854736328,7586600
2015-12-29,88.98609924316406,7787500
2015-12-30,88.89725494384766,5508900
2015-12-31,89.29716491699219,7897700
2016-01-04,89.94147491455078,10591900
2016-01-05,89.57854461669922,6242600
2016-01-06,90.78569030761719,8916900
2016-01-07,90.9486083984375,10202200
2016-01-08,91.35589599609375,9577200
2016-01-11,90.35615539550781,10040300
2016-01-12,91.65953826904297,12897700
2016-01-13,92.56304168701172,15577600
2016-01-14,91.69660186767578,12873800
2016-01-15,93.12590789794922,13976300
2016-01-19,92.8370590209961,8926600
2016-01-20,93.81460571289062,17283300
2016-01-21,93.1777114868164,11001600
2016-01-22,92.82222747802734,10164300
2016-01-25,93.3258056640625,5738200
2016-01-26,93.37029266357422,5692600
2016-01-27,93.3480453491211,7957800
2016-01-28,93.48136138916016,10575400
2016-01-29,94.27377319335938,13170700
2016-02-01,93.98511505126953,9948400
2016-02-02,95.7287368774414,10400000
2016-02-03,94.934814453125,13309000
2016-02-04,95.39485931396484,9953500
2016-02-05,95.50613403320312,9200800
2016-02-08,97.56143188476562,14452200
2016-02-09,97.6652603149414,15232100
2016-02-10,98.52596282958984,12797100
2016-02-11,99.21599578857422,21620200
2016-02-12,97.56881713867188,13888400
2016-02-16,96.5374755859375,11766000
2016-02-17,95.94392395019531,13157300
2016-02-18,97.12362670898438,10196700
2016-02-19,97.20524597167969,8188700
2016-02-22,97.15337371826172,5054300
2016-02-23,97.54658508300781,8320700
2016-02-24,97.35368347167969,9091200
2016-02-25,97.70237731933594,6097200
2016-02-26,96.76008605957031,9245000
2016-02-29,97.18296813964844,8016100
2016-03-01,95.47175598144531,13729100
2016-03-02,95.86572265625,7047700
2016-03-03,96.21514892578125,6394800
2016-03-04,95.59813690185547,8687000
2016-03-07,95.56839752197266,5493300
2016-03-08,96.62397766113281,7175400
2016-03-09,96.03670501708984,7194700
2016-03-10,95.64273834228516,10091600
2016-03-11,94.67634582519531,8927000
2016-03-14,94.97371673583984,5177000
2016-03-15,95.06290435791016,6413200
2016-03-16,95.34539031982422,9728900
2016-03-17,95.73936462402344,7805500
2016-03-18,95.94010925292969,8198600
2016-03-21,95.20408630371094,5514800
2016-03-22,95.18180847167969,4997900
2016-03-23,96.25977325439453,10628200
2016-03-24,96.29686737060547,6343300
2016-03-28,96.42328643798828,5058700
2016-03-29,97.43423461914062,9396700
2016-03-30,96.40838623046875,8478700
2016-03-31,97.09237670898438,7832300
2016-04-01,97.34564208984375,9341400
2016-04-04,97.4051513671875,5145100
2016-04-05,98.47042846679688,6482800
2016-04-06,97.75527954101562,6393700
2016-04-07,98.9620590209961,5963300
2016-04-08,98.3362808227539,5584800
2016-04-11,98.20964050292969,4805500
2016-04-12,97.53179931640625,4276000
2016-04-13,97.87446594238281,5207900
2016-04-14,97.4051513671875,6967000
2016-04-15,98.2394790649414,5831100
2016-04-18,97.8148422241211,4486600
2016-04-19,97.50947570800781,5212200
2016-04-20,96.4367904663086,10920700
2016-04-21,95.86320495605469,11154200
2016-04-22,95.6173324584961,5826400
2016-04-25,95.22257232666016,5539500
2016-04-26,94.79056549072266,7840000
2016-04-27,95.7365493774414,8380100
2016-04-28,96.1313705444336,7974600
2016-04-29,96.37718200683594,7416300
2016-05-02,95.40680694580078,11035200
2016-05-03,96.60860443115234,10736700
2016-05-04,97.13851928710938,7211200
2016-05-05,97.78788757324219,7870400
2016-05-06,97.369873046875,7232500
2016-05-09,97.67595672607422,4950800
2016-05-10,97.68341827392578,4331900
2016-05-11,98.2357406616211,9256000
2016-05-12,97.78788757324219,6087400
2016-05-13,98.73583984375,8707300
2016-05-16,97.88494110107422,5137000
2016-05-17,98.04913330078125,4449100
2016-05-18,96.65342712402344,12681000
2016-05-19,97.07137298583984,6209400
2016-05-20,97.14598083496094,5348900
2016-05-23,97.36246490478516,6979700
2016-05-24,96.92950439453125,5968200
2016-05-25,96.56377410888672,6367400
2016-05-26,97.06392669677734,5419300
2016-05-27,96.922119140625,5267600
2016-05-31,97.15348052978516,8344300
2016-06-01,97.5476303100586,9874900
2016-06-02,98.25068664550781,5835400
2016-06-03,99.64937591552734,11077200
2016-06-06,98.9089126586914,7573700
2016-06-07,99.14824676513672,4680200
2016-06-08,99.67926788330078,5313200
2016-06-09,100.32250213623047,6820300
2016-06-10,100.80870056152344,6984600
2016-06-13,101.2574462890625,7283300
2016-06-14,101.18267822265625,9012500
2016-06-15,101.57159423828125,7953200
2016-06-16,102.06526184082031,10372700
2016-06-17,101.42948913574219,8489900
2016-06-20,100.34492492675781,7365900
2016-06-21,99.8812026977539,6005800
2016-06-22,100.04574584960938,5773700
2016-06-23,98.90145874023438,9029100
2016-06-24,101.55667877197266,17155000
2016-06-27,104.09217071533203,16577100
2016-06-28,104.3091049194336,14006400
2016-06-29,103.50880432128906,12999800
2016-06-30,103.89028930664062,14698500
2016-07-01,105.33267211914062,15430200
2016-07-05,106.65145874023438,8840800
2016-07-06,106.82384490966797,14352800
2016-07-07,106.81632232666016,9676400
2016-07-08,107.60318756103516,10355300
2016-07-11,106.65904235839844,8099000
2016-07-12,104.90559387207031,15810600
2016-07-13,106.14199829101562,8181700
2016-07-14,104.59835815429688,10817000
2016-07-15,103.69915008544922,9958600
2016-07-18,103.6017837524414,5955900
2016-07-19,104.18621826171875,8073900
2016-07-20,103.61671447753906,6942500
2016-07-21,103.82655334472656,10398400
2016-07-22,104.00640106201172,5811400
2016-07-25,103.93143463134766,4243800
2016-07-26,104.0963363647461,5243400
2016-07-27,105.39265441894531,8508100
2016-07-28,105.19780731201172,7336100
2016-07-29,106.07456970214844,8766700
2016-08-01,104.92448425292969,9809300
2016-08-02,103.84346008300781,10051200
2016-08-03,103.90351867675781,4930600
2016-08-04,104.68421173095703,5646000
2016-08-05,103.59564208984375,7778600
2016-08-08,103.79094696044922,5185200
2016-08-09,104.8118667602539,5503200
2016-08-10,105.21725463867188,5843500
2016-08-11,104.2788314819336,7624600
2016-08-12,105.15719604492188,7989600
2016-08-15,104.16622924804688,5108600
2016-08-16,103.88851165771484,6182700
2016-08-17,104.51158905029297,5002000
2016-08-18,104.67671203613281,3805200
2016-08-19,104.12873840332031,5516300
2016-08-22,105.00704193115234,5549700
2016-08-23,105.11967468261719,6841400
2016-08-24,104.87186431884766,6027800
2016-08-25,104.47403717041016,5855500
2016-08-26,103.86595916748047,12962500
2016-08-29,105.25480651855469,7310400
2016-08-30,104.84935760498047,5161800
2016-08-31,104.99951171875,7349700
2016-09-01,105.11537170410156,9149100
2016-09-02,104.25804138183594,8397000
2016-09-06,105.01753997802734,8542600
2016-09-07,104.94239807128906,5421800
2016-09-08,103.62629699707031,14301500
2016-09-09,101.91909790039062,13347700
2016-09-12,101.97173309326172,9096600
2016-09-13,100.81354522705078,15645400
2016-09-14,100.9640121459961,7037700
2016-09-15,100.52777099609375,9874500
2016-09-16,101.3399658203125,7507900
2016-09-19,101.00906372070312,7105900
2016-09-20,101.36256408691406,6054800
2016-09-21,102.18225860595703,10698100
2016-09-22,102.99454498291016,12426200
2016-09-23,102.89677429199219,5928800
2016-09-26,103.55108642578125,8661300
2016-09-27,104.31060028076172,9450400
2016-09-28,104.08502960205078,7958700
2016-09-29,104.3482666015625,8319800
2016-09-30,103.41568756103516,11747100
2016-10-03,103.07438659667969,7588800
2016-10-04,101.86890411376953,12048700
2016-10-05,101.39427947998047,8917700
2016-10-06,100.82923889160156,7839900
2016-10-07,100.89702606201172,9953200
2016-10-10,100.30181121826172,6089100
2016-10-11,100.07576751708984,9670400
2016-10-12,100.17375946044922,7582400
2016-10-13,100.55046844482422,7080600
2016-10-14,99.14157104492188,11415100
2016-10-17,99.77440643310547,10595900
2016-10-18,100.09841918945312,7151000
2016-10-19,100.18132781982422,6941300
2016-10-20,100.2867431640625,6082300
2016-10-21,100.43745422363281,9222700
2016-10-24,100.00045776367188,6507500
2016-10-25,100.26417541503906,5134700
2016-10-26,99.58609008789062,5842500
2016-10-27,98.5011978149414,10044700
2016-10-28,98.28266143798828,7541000
2016-10-31,98.88540649414062,7047500
2016-11-01,98.8929214477539,12622400
2016-11-02,99.3232421875,8666200
2016-11-03,98.56082916259766,6085400
2016-11-04,99.44404602050781,7622600
2016-11-07,98.5986099243164,5386700
2016-11-08,98.19849395751953,7576500
2016-11-09,94.03173065185547,31233500
2016-11-10,92.6428451538086,22961200
2016-11-11,92.1219711303711,10040200
2016-11-14,91.57091522216797,21174400
2016-11-15,92.02384948730469,11963700
2016-11-16,92.85421752929688,9149500
2016-11-17,91.48786926269531,11221600
2016-11-18,91.22368621826172,13577700
2016-11-21,91.45014953613281,6488100
2016-11-22,91.41996002197266,9989900
2016-11-23,91.065185546875,13563500
2016-11-25,91.2010498046875,3126300
2016-11-28,91.87289428710938,8555000
2016-11-29,92.2578125,8363000
2016-11-30,90.76321411132812,21163500
2016-12-01,89.80489349365234,21715700
2016-12-02,90.46295928955078,12487500
2016-12-05,90.36461639404297,12100100
2016-12-06,90.29656219482422,11526600
2016-12-07,91.06806945800781,10392200
2016-12-08,89.99395751953125,12041100
2016-12-09,88.87458038330078,14646400
2016-12-12,89.04093933105469,9496300
2016-12-13,89.35862731933594,12189200
2016-12-14,88.36024475097656,16618400
2016-12-15,88.80648803710938,12400500
2016-12-16,88.60221099853516,14924600
2016-12-19,89.55530548095703,10868300
2016-12-20,89.1089859008789,7030600
2016-12-21,89.50237274169922,4624700
2016-12-22,89.34230041503906,5177800
2016-12-23,89.52438354492188,4461600
2016-12-27,89.23617553710938,5276600
2016-12-28,89.88834381103516,7578600
2016-12-29,90.20686340332031,8581400
2016-12-30,90.34339141845703,10613900
2017-01-03,90.73013305664062,13217300
2017-01-04,91.07901763916016,6699600
2017-01-05,92.50470733642578,13265800
2017-01-06,91.65534210205078,8369300
2017-01-09,92.39093780517578,8839100
2017-01-10,92.33027648925781,8417900
2017-01-11,92.64120483398438,9402500
2017-01-12,92.43646240234375,9977600
2017-01-13,91.99658203125,9820000
2017-01-17,92.9596939086914,7853300
2017-01-18,91.76908111572266,9064700
2017-01-19,91.1396255493164,11795600
2017-01-20,90.95765686035156,16953200
2017-01-23,91.86764526367188,13118400
2017-01-24,91.23823547363281,8395000
2017-01-25,90.09309387207031,11115100
2017-01-26,90.39649200439453,7827900
2017-01-27,90.72254180908203,7197800
2017-01-30,90.44953918457031,6569500
2017-01-31,91.07901763916016,13298500
2017-02-01,90.51585388183594,10975500
2017-02-02,90.47782897949219,6978600
2017-02-03,90.43982696533203,10275600
2017-02-06,90.98700714111328,8433800
2017-02-07,91.65583038330078,8418400
2017-02-08,92.90221405029297,15734200
2017-02-09,91.83061981201172,16890600
2017-02-10,91.77738952636719,7978500
2017-02-13,91.48865509033203,11536800
2017-02-14,90.8274154663086,13210500
2017-02-15,90.409423828125,8481000
2017-02-16,90.9034423828125,10005800
2017-02-17,91.44300842285156,7886400
2017-02-21,91.2834243774414,8703800
2017-02-22,91.43541717529297,8101500
2017-02-23,91.70903778076172,5330800
2017-02-24,92.72740936279297,11336000
2017-02-27,92.18022918701172,11039800
2017-02-28,92.52220153808594,8410500
2017-03-01,90.97188568115234,10717100
2017-03-02,90.64446258544922,8201200
2017-03-03,90.88056182861328,9515200
2017-03-06,90.4464340209961,4489200
2017-03-07,90.17231750488281,7080100
2017-03-08,89.68505096435547,11336300
2017-03-09,88.96923065185547,10575400
2017-03-10,89.28143310546875,9218500
2017-03-13,88.71793365478516,6993100
2017-03-14,89.1444320678711,9869200
2017-03-15,90.23329162597656,14600500
2017-03-16,89.7763671875,8018200
2017-03-17,90.33985137939453,7266800
2017-03-20,90.72821807861328,5497800
2017-03-21,91.4820556640625,12540700
2017-03-22,91.8475570678711,11661400
2017-03-23,91.71810913085938,6746500
2017-03-24,92.04552459716797,5819600
2017-03-27,92.46436309814453,6878500
2017-03-28,91.8475570678711,6811200
2017-03-29,92.39578247070312,6291000
2017-03-30,91.64956665039062,7042400
2017-03-31,91.91610717773438,5144800
2017-04-03,92.84324645996094,12996500
2017-04-04,92.339599609375,6976700
2017-04-05,92.6219711303711,8555200
2017-04-06,92.48460388183594,6497000
2017-04-07,92.1106948852539,10270000
2017-04-10,92.53803253173828,5314500
2017-04-11,93.41553497314453,11297400
2017-04-12,93.92680358886719,11532500
2017-04-13,94.21675109863281,8396700
2017-04-17,93.92680358886719,8015000
2017-04-18,95.15532684326172,11529700
2017-04-19,94.63645935058594,7344000
2017-04-20,94.27023315429688,7932900
2017-04-21,94.27023315429688,9798500
2017-04-24,93.80470275878906,8066400
2017-04-25,92.67538452148438,8122300
2017-04-26,93.18659210205078,5766200
2017-04-27,93.1561050415039,4978300
2017-04-28,93.36210632324219,8166300
2017-05-01,92.58599853515625,8795900
2017-05-02,93.06005859375,6727800
2017-05-03,93.1212387084961,8932900
2017-05-04,92.66242218017578,9707200
2017-05-05,92.74658966064453,5605400
2017-05-08,92.24188995361328,8057800
2017-05-09,92.2342300415039,5536700
2017-05-10,92.127197265625,6517000
2017-05-11,92.127197265625,7479800
2017-05-12,92.82302856445312,7463900
2017-05-15,92.57068634033203,5173200
2017-05-16,92.91478729248047,6722700
2017-05-17,94.26825714111328,11236400
2017-05-18,94.37531280517578,8350500
2017-05-19,94.59703826904297,11277400
2017-05-22,94.33708190917969,4062900
2017-05-23,93.70238494873047,7901300
2017-05-24,94.23001098632812,7355200
2017-05-25,94.26056671142578,6464800
2017-05-26,94.42115783691406,2963800
2017-05-30,94.88765716552734,4819400
2017-05-31,95.12470245361328,8000200
2017-06-01,95.13465881347656,9037300
2017-06-02,96.26110076904297,13245000
2017-06-05,95.66336059570312,6775500
2017-06-06,96.1844482421875,12841500
2017-06-07,95.72467803955078,12852400
2017-06-08,95.47181701660156,8758600
2017-06-09,95.32623291015625,5130500
2017-06-12,95.29556274414062,4335800
2017-06-13,95.31084442138672,4742600
2017-06-14,96.78215789794922,20212300
2017-06-15,96.62887573242188,5863700
2017-06-16,96.82046508789062,6672500
2017-06-19,96.68251037597656,5641300
2017-06-20,97.54844665527344,8405700
2017-06-21,97.7476577758789,5914800
2017-06-22,97.96224975585938,6608100
2017-06-23,97.91627502441406,4329900
2017-06-26,98.28406524658203,5541600
2017-06-27,97.23424530029297,8354200
2017-06-28,96.9124526977539,7357900
2017-06-29,96.10016632080078,9115800
2017-06-30,95.87794494628906,10189800
2017-07-03,95.5692367553711,11021100
2017-07-05,95.59226989746094,11394500
2017-07-06,94.80138397216797,10853100
2017-07-07,94.23313903808594,9401800
2017-07-10,94.37134552001953,3859200
2017-07-11,94.53263092041016,4425600
2017-07-12,95.1853256225586,7839900
2017-07-13,94.5864028930664,7449300
2017-07-14,94.70155334472656,6566800
2017-07-17,94.962646484375,4737300
2017-07-18,95.79190063476562,9163000
2017-07-19,95.83033752441406,5140900
2017-07-20,96.10676574707031,12239100
2017-07-21,96.5137939453125,6201500
2017-07-24,96.13746643066406,5378500
2017-07-25,94.88584899902344,9743300
2017-07-26,95.03942108154297,8459500
2017-07-27,94.5710678100586,6390800
2017-07-28,95.13158416748047,5491800
2017-07-31,95.24677276611328,5464600
2017-08-01,95.91547393798828,9676800
2017-08-02,95.9693374633789,5745600
2017-08-03,96.96207427978516,10324500
2017-08-04,96.1386489868164,8485500
2017-08-07,96.24639129638672,4684600
2017-08-08,95.90009307861328,6197400
2017-08-09,96.4233627319336,9221800
2017-08-10,97.2468032836914,10378200
2017-08-11,97.29298400878906,5717800
2017-08-14,96.79277038574219,5111000
2017-08-15,96.38494110107422,7473200
2017-08-16,96.7389144897461,5283800
2017-08-17,97.46226501464844,9364700
2017-08-18,97.43921661376953,8382500
2017-08-21,97.67771911621094,7669800
2017-08-22,97.3006591796875,6140700
2017-08-23,97.96247100830078,7446400
2017-08-24,97.60076904296875,5569400
2017-08-25,97.97784423828125,7303300
2017-08-28,97.91627502441406,4448500
2017-08-29,98.23184204101562,7659400
2017-08-30,98.20101165771484,4735200
2017-08-31,98.49340057373047,7978400
2017-09-01,97.74008178710938,14128600
2017-09-05,99.29003143310547,15215700
2017-09-06,98.68083953857422,9066400
2017-09-07,99.69100189208984,13618900
2017-09-08,99.47509002685547,9808500
2017-09-11,98.28756713867188,17856700
2017-09-12,97.77091217041016,7557400
2017-09-13,97.38534545898438,6740000
2017-09-14,97.78633117675781,6674500
2017-09-15,97.82489776611328,9769200
2017-09-18,97.26197814941406,6863000
2017-09-19,97.02288818359375,5554900
2017-09-20,97.0923080444336,8037000
2017-09-21,97.0383071899414,6147800
2017-09-22,97.3158950805664,5660700
2017-09-25,97.92510223388672,9679000
2017-09-26,97.74779510498047,7251900
2017-09-27,96.27495574951172,12145700
2017-09-28,95.98961639404297,8883700
2017-09-29,96.20549774169922,11285500
2017-10-02,96.02934265136719,7860700
2017-10-03,96.1220703125,6219800
2017-10-04,96.12977600097656,7447000
2017-10-05,95.76665496826172,8180300
2017-10-06,95.49617767333984,10375000
2017-10-09,95.79755401611328,3590900
2017-10-10,95.95206451416016,6666800
2017-10-11,96.13748931884766,4385900
2017-10-12,96.54704284667969,7141600
2017-10-13,97.24243927001953,7746900
2017-10-16,97.1729507446289,5737300
2017-10-17,97.29656219482422,4969600
2017-10-18,96.65522003173828,5943800
2017-10-19,96.82522583007812,8966500
2017-10-20,95.79755401611328,12326900
2017-10-23,95.96751403808594,6871100
2017-10-24,95.37256622314453,6842800
2017-10-25,94.91667938232422,9961400
2017-10-26,94.59990692138672,8179400
2017-10-27,95.22575378417969,10480900
2017-10-30,96.13748931884766,9051600
2017-10-31,96.16842651367188,4424300
2017-11-01,96.59660339355469,8940400
2017-11-02,97.02246856689453,7222700
2017-11-03,97.28577423095703,10984100
2017-11-06,97.64968872070312,6246700
2017-11-07,98.06007385253906,6422700
2017-11-08,97.84330749511719,3356200
2017-11-09,97.56455993652344,6280400
2017-11-10,96.09333038330078,11981000
2017-11-13,96.29466247558594,5880800
2017-11-14,96.94506072998047,6195900
2017-11-15,97.99813079833984,9568200
2017-11-16,97.14637756347656,5894900
2017-11-17,97.86651611328125,6938800
2017-11-20,97.82778930664062,4232300
2017-11-21,98.13751983642578,5818400
2017-11-22,98.45498657226562,4140700
2017-11-24,98.18399047851562,3141400
2017-11-27,98.04463958740234,6079900
2017-11-28,98.17626190185547,5983000
2017-11-29,97.20831298828125,14547100
2017-11-30,96.88314056396484,9630000
2017-12-01,98.1905288696289,24583100
2017-12-04,98.23706817626953,9609200
2017-12-05,98.72591400146484,10958900
2017-12-06,99.06729888916016,11834200
2017-12-07,98.29135131835938,13056800
2017-12-08,98.2991943359375,4786100
2017-12-11,98.09740447998047,3863800
2017-12-12,98.05862426757812,7502400
2017-12-13,98.79570770263672,8532900
2017-12-14,99.21471405029297,6885000
2017-12-15,99.5871353149414,7239400
2017-12-18,98.67935180664062,7239700
2017-12-19,97.39911651611328,11045800
2017-12-20,96.32059478759766,10005800
2017-12-21,96.88197326660156,7026900
2017-12-22,97.01417541503906,3974300
2017-12-26,97.30182647705078,3168400
2017-12-27,98.56926727294922,9059700
2017-12-28,98.48373413085938,5297100
2017-12-29,98.63925170898438,7580500
2018-01-02,97.573974609375,16238200
2018-01-03,98.04052734375,8605100
2018-01-04,98.0250244140625,9217900
2018-01-05,97.74505615234375,10915400
2018-01-08,97.68286895751953,8850600
2018-01-09,96.37657928466797,16226400
2018-01-10,96.25993347167969,14302600
2018-01-11,96.656494140625,12511000
2018-01-12,96.81981658935547,9987100
2018-01-16,97.22410583496094,9125900
2018-01-17,97.09193420410156,8327000
2018-01-18,96.18998718261719,10843900
2018-01-19,95.68456268310547,11374300
2018-01-22,95.77787780761719,8984700
2018-01-23,96.18998718261719,12325700
2018-01-24,95.66902923583984,9038900
2018-01-25,96.45433807373047,12173300
2018-01-26,96.09666442871094,6462900
2018-01-29,95.427978515625,12223000
2018-01-30,94.86817169189453,12064400
2018-01-31,95.427978515625,18045100
2018-02-01,94.04499816894531,18632800
2018-02-02,93.17230987548828,23944400
2018-02-05,94.05274963378906,28606200
2018-02-06,93.46839141845703,10935400
2018-02-07,92.58014678955078,16271100
2018-02-08,92.47888946533203,15155100
2018-02-09,91.89448547363281,15661600
2018-02-12,92.29961395263672,10944600
2018-02-13,92.71259307861328,8157600
2018-02-14,91.68408966064453,12043300
2018-02-15,91.99575805664062,8222400
2018-02-16,92.49444580078125,8454100
2018-02-20,92.08927154541016,8268800
2018-02-21,90.95946502685547,12054300
2018-02-22,91.23217010498047,9317900
2018-02-23,92.04251861572266,9072900
2018-02-26,92.07367706298828,8771600
2018-02-27,91.94124603271484,12525700
2018-02-28,92.52561950683594,9311600
2018-03-01,93.15715789794922,12287700
2018-03-02,92.39988708496094,10064300
2018-03-05,92.15005493164062,5658200
2018-03-06,92.23590087890625,5452000
2018-03-07,92.13443756103516,4461800
2018-03-08,92.66539001464844,7086700
2018-03-09,92.0563735961914,6570400
2018-03-12,92.58727264404297,5801300
2018-03-13,93.05574035644531,7455300
2018-03-14,93.87547302246094,10175000
2018-03-15,93.87547302246094,6757900
2018-03-16,93.53977966308594,6084300
2018-03-19,93.24308776855469,8491200
2018-03-20,92.8683853149414,5446000
2018-03-21,92.96987915039062,9742400
2018-03-22,93.89112854003906,12136600
2018-03-23,93.82080841064453,7250400
2018-03-26,93.46173095703125,8237900
2018-03-27,94.4610824584961,9168500
2018-03-28,94.71089172363281,7412500
2018-03-29,95.17147827148438,9694300
2018-04-02,95.35929870605469,12036500
2018-04-03,94.62384796142578,9855000
2018-04-04,94.42823791503906,6654300
2018-04-05,93.72405242919922,7603700
2018-04-06,94.74901580810547,8831200
2018-04-09,94.90548706054688,6307500
2018-04-10,94.73332977294922,6046000
2018-04-11,95.06978607177734,5901300
2018-04-12,94.37345886230469,6622800
2018-04-13,94.59253692626953,4964000
2018-04-16,94.62384796142578,4491300
2018-04-17,94.88198852539062,5590400
2018-04-18,94.12308502197266,8138400
2018-04-19,93.3563232421875,9875800
2018-04-20,92.6834945678711,7579400
2018-04-23,92.7069091796875,7073200
2018-04-24,92.28443908691406,8190800
2018-04-25,91.66632843017578,6603800
2018-04-26,92.30789947509766,6528600
2018-04-27,93.01988220214844,5401800
2018-04-30,93.1842269897461,8321100
2018-05-01,92.84860229492188,7979200
2018-05-02,92.74667358398438,4644000
2018-05-03,93.16223907470703,6345300
2018-05-04,93.30341339111328,4283500
2018-05-07,93.15441131591797,3647800
2018-05-08,93.06812286376953,6091200
2018-05-09,92.51142120361328,7832500
2018-05-10,93.25633239746094,7101500
2018-05-11,93.4916000366211,4273400
2018-05-14,92.99757385253906,4996200
2018-05-15,91.93899536132812,12901000
2018-05-16,91.58616638183594,6518000
2018-05-17,91.12349700927734,7330300
2018-05-18,91.90770721435547,9606500
2018-05-21,91.95471954345703,4448500
2018-05-22,91.81353759765625,4700700
2018-05-23,92.48006439208984,9634000
2018-05-24,93.2171401977539,8204100
2018-05-25,93.79739379882812,8482800
2018-05-29,95.851806640625,21668100
2018-05-30,95.20882415771484,11616300
2018-05-31,95.05199432373047,10769900
2018-06-01,94.54976654052734,8718800
2018-06-04,93.86599731445312,7156500
2018-06-05,94.08605194091797,5635900
2018-06-06,93.32367706298828,7813300
2018-06-07,94.2275390625,13238300
2018-06-08,93.9446029663086,6790600
2018-06-11,93.77169799804688,6844200
2018-06-12,93.79525756835938,6048200
2018-06-13,93.74809265136719,8834700
2018-06-14,94.52619171142578,10078800
2018-06-15,94.61265563964844,7992800
2018-06-18,94.52619171142578,4893700
2018-06-19,95.07636260986328,6133300
2018-06-20,94.24325561523438,6879100
2018-06-21,94.7384033203125,7235800
2018-06-22,94.73053741455078,4082500
2018-06-25,94.94275665283203,8363700
2018-06-26,95.07636260986328,5450000
2018-06-27,95.97235107421875,8173400
2018-06-28,95.99591064453125,7109500
2018-06-29,95.66581726074219,11164700
2018-07-02,95.59097290039062,9662000
2018-07-03,96.10301971435547,3808800
2018-07-05,96.37871551513672,3860400
2018-07-06,96.69378662109375,4679900
2018-07-09,96.07151794433594,5952700
2018-07-10,96.06363677978516,5759700
2018-07-11,96.43384552001953,6869100
2018-07-12,96.42597961425781,4824700
2018-07-13,96.670166015625,4079000
2018-07-16,96.2684326171875,5517100
2018-07-17,96.08724212646484,3764300
2018-07-18,95.70125579833984,6330000
2018-07-19,96.30779266357422,6166700
2018-07-20,95.12622833251953,10469500
2018-07-23,93.95250701904297,11571800
2018-07-24,94.27545928955078,9053500
2018-07-25,94.1258316040039,7357900
2018-07-26,93.94464111328125,6821100
2018-07-27,94.10216522216797,4542000
2018-07-30,93.77921295166016,7111200
2018-07-31,94.29124450683594,6797400
2018-08-01,93.52304077148438,13312600
2018-08-02,93.65725708007812,4451100
2018-08-03,94.12307739257812,6162400
2018-08-06,94.1783218383789,4200200
2018-08-07,93.6888656616211,5346900
2018-08-08,93.78360748291016,5640900
2018-08-09,94.57308959960938,7144100
2018-08-10,95.25994873046875,8457900
2018-08-13,95.06257629394531,7923200
2018-08-14,94.84941864013672,4251200
2018-08-15,95.40203857421875,7649800
2018-08-16,95.39417266845703,5400400
2018-08-17,95.51258087158203,3537600
2018-08-20,96.15206909179688,5603700
2018-08-21,95.828369140625,4695000
2018-08-22,96.20730590820312,5309600
2018-08-23,96.35733032226562,5328700
2018-08-24,96.54680633544922,6092200
2018-08-27,95.99414825439453,6407400
2018-08-28,95.4178466796875,4929300
2018-08-29,95.54412841796875,5613300
2018-08-30,95.74942779541016,5302900
2018-08-31,95.52836608886719,9677500
2018-09-04,94.97604370117188,18343600
2018-09-05,94.72286987304688,9422600
2018-09-06,95.07099151611328,9566000
2018-09-07,94.26392364501953,11212600
2018-09-10,94.61202239990234,6386400
2018-09-11,93.89201354980469,5440000
2018-09-12,94.11357879638672,3347200
2018-09-13,94.2559814453125,4833000
2018-09-14,93.80496978759766,5579500
2018-09-17,93.80496978759766,5433000
2018-09-18,92.82379150390625,10182300
2018-09-19,92.2698974609375,13379600
2018-09-20,92.69721221923828,8657300
2018-09-21,92.65765380859375,6173800
2018-09-24,92.42024993896484,5505500
2018-09-25,92.32532501220703,6650900
2018-09-26,92.97418212890625,9512700
2018-09-27,93.03744506835938,5758500
2018-09-28,92.79216003417969,12807700
2018-10-01,92.1109390258789,22442400
2018-10-02,92.67403411865234,8266900
2018-10-03,91.06416320800781,20829200
2018-10-04,90.42176818847656,16207400
2018-10-05,89.64462280273438,18096500
2018-10-08,89.34325408935547,5855900
2018-10-09,90.24729919433594,11530800
2018-10-10,90.00147247314453,15290100
2018-10-11,91.09583282470703,16086800
2018-10-12,90.77864074707031,6794100
2018-10-15,90.73898315429688,7146300
2018-10-16,90.94517517089844,4762300
2018-10-17,90.40591430664062,5880700
2018-10-18,90.37419891357422,5728800
2018-10-19,90.1759033203125,10892400
2018-10-22,90.05699157714844,3244200
2018-10-23,90.34249877929688,10330700
2018-10-24,91.02445983886719,16008000
2018-10-25,90.6438217163086,12613200
2018-10-26,91.19104766845703,18582500
2018-10-29,90.98479461669922,7679900
2018-10-30,90.53282165527344,9939500
2018-10-31,90.07282257080078,8706400
2018-11-01,90.15631866455078,6100200
2018-11-02,89.03543853759766,11314800
2018-11-05,89.38520050048828,4760200
2018-11-06,89.32955932617188,3159900
2018-11-07,89.44878387451172,9313100
2018-11-08,89.44085693359375,6905100
2018-11-09,90.10860443115234,6465300
2018-11-12,90.69688415527344,6840000
2018-11-13,90.6412124633789,6525800
2018-11-14,90.69688415527344,8690800
2018-11-15,90.65715026855469,7879600
2018-11-16,91.18179321289062,9236700
2018-11-19,91.4361801147461,7027200
2018-11-20,91.4679946899414,6332600
2018-11-21,91.4361801147461,4951100
2018-11-23,91.53157806396484,3027900
2018-11-26,91.3249282836914,6599000
2018-11-27,91.4282455444336,5967200
2018-11-28,90.98304748535156,7814000
2018-11-29,91.34083557128906,7295600
2018-11-30,91.68264770507812,9127800
2018-12-03,92.33365631103516,9763800
2018-12-04,93.87938690185547,18100500
2018-12-06,94.17424011230469,15319400
2018-12-07,94.34954071044922,8608400
2018-12-10,94.73998260498047,8777700
2018-12-11,94.72403717041016,8071900
2018-12-12,94.30171203613281,6182200
2018-12-13,94.07862091064453,5564200
2018-12-14,94.40530395507812,8169200
2018-12-17,94.95513916015625,9726800
2018-12-18,95.52377319335938,10018800
2018-12-19,96.78571319580078,23046300
2018-12-20,96.43424987792969,18543700
2018-12-21,96.41828918457031,9945100
2018-12-24,96.89752197265625,8377500
2018-12-26,95.85922241210938,11700400
2018-12-27,95.87519836425781,12146500
2018-12-28,96.6819076538086,9879100
2018-12-31,97.04924774169922,17409000
2019-01-02,97.56047058105469,19841500
2019-01-03,98.67063903808594,21187000
2019-01-04,97.52851867675781,12970200
2019-01-07,97.24095916748047,8498100
2019-01-08,96.9853744506836,7737100
2019-01-09,96.83369445800781,9349200
2019-01-10,96.21063995361328,8222900
2019-01-11,96.58602142333984,5786900
2019-01-14,96.22661590576172,6730500
2019-01-15,95.87519836425781,8997400
2019-01-16,95.9710464477539,6048400
2019-01-17,95.99500274658203,8153400
2019-01-18,95.49185943603516,14106400
2019-01-22,96.13877868652344,8881100
2019-01-23,96.09884643554688,5776800
2019-01-24,96.72978210449219,7121900
2019-01-25,96.26655578613281,6460800
2019-01-28,96.1707534790039,6435800
2019-01-29,96.6579360961914,5750100
2019-01-30,96.58602142333984,10571300
2019-01-31,97.41668701171875,11843400
2019-02-01,96.82832336425781,12024600
2019-02-04,96.3960189819336,8966200
2019-02-05,96.83628845214844,6983300
2019-02-06,96.88438415527344,5184000
2019-02-07,97.52471923828125,8781000
2019-02-08,97.94102478027344,5885400
2019-02-11,97.55674743652344,4352800
2019-02-12,97.3086166381836,7939600
2019-02-13,96.94041442871094,4757700
2019-02-14,97.49272155761719,5868900
2019-02-15,97.64484405517578,5527200
2019-02-19,97.89297485351562,5872800
2019-02-20,97.61280822753906,4455800
2019-02-21,96.74026489257812,7382500
2019-02-22,97.31663513183594,6374600
2019-02-25,97.02845001220703,6293500
2019-02-26,97.50872039794922,6028900
2019-02-27,96.40404510498047,7737300
2019-02-28,96.07582092285156,9533400
2019-03-01,95.18780517578125,13541100
2019-03-04,95.9338607788086,9808500
2019-03-05,96.1343994140625,5595200
2019-03-06,96.48738861083984,7766700
2019-03-07,97.11309051513672,8187200
2019-03-08,97.52220153808594,7517600
2019-03-11,97.2334213256836,5157800
2019-03-12,97.9152603149414,6422300
2019-03-13,97.73075103759766,4386300
2019-03-14,97.02483367919922,8188400
2019-03-15,97.66657257080078,4302000
2019-03-18,97.61042022705078,3893300
2019-03-19,97.39385223388672,5220200
2019-03-20,98.4126205444336,10123700
2019-03-21,98.62922668457031,7182600
2019-03-22,100.1613998413086,13077000
2019-03-25,100.32183837890625,9736300
2019-03-26,100.24962615966797,7502000
2019-03-27,101.17213439941406,14207200
2019-03-28,101.52510070800781,9143200
2019-03-29,101.42887878417969,10841400
2019-04-01,99.98816680908203,16501500
2019-04-02,100.17305755615234,9725000
2019-04-03,99.3047866821289,10407000
2019-04-04,99.58621978759766,7503400
2019-04-05,99.71481323242188,6321800
2019-04-08,99.36107635498047,4446400
2019-04-09,99.67459106445312,7020300
2019-04-10,99.91580200195312,7519900
2019-04-11,99.32893371582031,8679300
2019-04-12,98.62146759033203,7005500
2019-04-15,98.87065887451172,3070000
2019-04-16,98.2516098022461,8927300
2019-04-17,98.29180908203125,6118500
2019-04-18,98.80633544921875,27589400
2019-04-22,98.3320083618164,6241200
2019-04-23,98.54102325439453,6239700
2019-04-24,99.34500885009766,7302000
2019-04-25,99.20026397705078,5380900
2019-04-26,99.5379409790039,5950700
2019-04-29,98.90278625488281,10246000
2019-04-30,99.40936279296875,7957400
2019-05-01,99.81941986083984,14371900
2019-05-02,99.34407806396484,6612800
2019-05-03,99.62606811523438,6191700
2019-05-06,99.8999252319336,4482500
2019-05-07,100.66531372070312,8984900
2019-05-08,100.23029327392578,6907600
2019-05-09,100.64114379882812,9411900
2019-05-10,100.50418853759766,6037800
2019-05-13,101.29371643066406,10501600
2019-05-14,100.99560546875,5690400
2019-05-15,101.61595153808594,9566300
2019-05-16,101.2776107788086,7666400
2019-05-17,101.50318145751953,4747100
2019-05-20,101.29371643066406,6043100
2019-05-21,101.13262176513672,4021800
2019-05-22,101.71267700195312,5675300
2019-05-23,102.85665893554688,9743700
2019-05-24,102.94528198242188,4981900
2019-05-28,103.68648529052734,8098600
2019-05-29,104.00070190429688,13260600
2019-05-30,104.89493560791016,13024800
2019-05-31,106.20816802978516,18933600
2019-06-03,106.9185791015625,17822400
2019-06-04,105.69955444335938,14250000
2019-06-05,105.10221099853516,8815200
2019-06-06,105.44121551513672,9621100
2019-06-07,106.3534927368164,11378500
2019-06-10,105.35244750976562,8288700
2019-06-11,105.41700744628906,5115100
2019-06-12,105.49775695800781,5278700
2019-06-13,105.86100769042969,5560400
2019-06-14,106.1274642944336,5838800
2019-06-17,106.31310272216797,6046400
2019-06-18,106.8459243774414,10320700
2019-06-19,106.99930572509766,11962500
2019-06-20,107.2818832397461,10721500
2019-06-21,106.1031494140625,14495000
2019-06-24,106.89437103271484,6378800
2019-06-25,107.22534942626953,9604600
2019-06-26,106.53913116455078,12766800
2019-06-27,107.2899169921875,9724200
2019-06-28,107.21727752685547,8149200
2019-07-01,106.966552734375,14131200
2019-07-02,107.79154968261719,10494300
2019-07-03,108.56001281738281,5380300
2019-07-05,107.12023162841797,12180100
2019-07-08,107.26581573486328,6490000
2019-07-09,107.22535705566406,6215700
2019-07-10,106.63489532470703,9470000
2019-07-11,105.21129608154297,14126800
2019-07-12,105.33255767822266,6992000
2019-07-15,105.93923950195312,6055500
2019-07-16,105.62378692626953,6172700
2019-07-17,106.76429748535156,9662200
2019-07-18,106.77238464355469,5724900
2019-07-19,106.52161407470703,5804800
2019-07-22,106.7238540649414,5204100
2019-07-23,106.1414794921875,8108900
2019-07-24,106.60250854492188,6389700
2019-07-25,106.09291076660156,8893100
2019-07-26,106.34365844726562,6188400
2019-07-29,106.37604522705078,6231800
2019-07-30,106.63489532470703,5678500
2019-07-31,107.49229431152344,15798700
2019-08-01,109.62710571289062,26664800
2019-08-02,110.64024353027344,15143100
2019-08-05,112.552978515625,18543000
2019-08-06,113.4526596069336,12747400
2019-08-07,113.49320220947266,32582000
2019-08-08,113.736328125,14746000
2019-08-09,113.50936889648438,10626000
2019-08-12,115.87600708007812,14094300
2019-08-13,115.47888946533203,15974900
2019-08-14,118.08053588867188,15068900
2019-08-15,119.39359283447266,23588700
2019-08-16,118.43720245361328,17150500
2019-08-19,116.74323272705078,13614700
2019-08-20,117.9509048461914,7451500
2019-08-21,117.16471862792969,9372000
2019-08-22,116.38662719726562,13878800
2019-08-23,118.29938507080078,16191800
2019-08-26,117.8211669921875,12174500
2019-08-27,119.63671112060547,11332300
2019-08-28,119.79074096679688,10095900
2019-08-29,119.3367691040039,8884900
2019-08-30,119.36920166015625,13550800
2019-09-03,119.52351379394531,15660800
2019-09-04,119.7021255493164,7962200
2019-09-05,117.5342788696289,19382900
2019-09-06,118.37059783935547,9466400
2019-09-09,116.2676773071289,15862700
2019-09-10,114.229736328125,13851400
2019-09-11,114.02678680419922,10941700
2019-09-12,113.27986145019531,19163300
2019-09-13,110.86029815673828,18922200
2019-09-16,112.27301788330078,10971600
2019-09-17,112.8819808959961,9081200
2019-09-18,113.36099243164062,10984600
2019-09-19,113.70204162597656,13176200
2019-09-20,115.20407104492188,11519800
2019-09-23,115.17975616455078,15246700
2019-09-24,116.56810760498047,12421600
2019-09-25,114.86309814453125,14147100
2019-09-26,115.60192108154297,9636500
2019-09-27,115.88609313964844,10386900
2019-09-30,116.17020416259766,8006900
2019-10-01,116.51997375488281,16613700
2019-10-02,116.8046875,12891500
2019-10-03,117.87014770507812,13470500
2019-10-04,118.74044036865234,11516200
2019-10-07,117.75630187988281,11013900
2019-10-08,118.0734634399414,14529700
2019-10-09,117.4065170288086,8608800
2019-10-10,115.65787506103516,15054200
2019-10-11,114.22635650634766,26294000
2019-10-14,115.05596160888672,5936900
2019-10-15,113.66519927978516,11832300
2019-10-16,113.80340576171875,7729500
2019-10-17,113.52688598632812,6219300
2019-10-18,113.52688598632812,6456100
2019-10-21,112.6728744506836,8038000
2019-10-22,113.3316650390625,6683300
2019-10-23,113.4455337524414,5995400
2019-10-24,113.21783447265625,6161700
2019-10-25,112.66471862792969,5669800
2019-10-28,111.63990783691406,11402100
2019-10-29,111.71312713623047,5296600
2019-10-30,113.34794616699219,10914100
2019-10-31,114.87702178955078,15834100
2019-11-01,114.52342224121094,11425500
2019-11-04,113.01612854003906,11124300
2019-11-05,111.74510192871094,13493000
2019-11-06,112.42134857177734,9351900
2019-11-07,110.38443756103516,19209800
2019-11-08,109.92002868652344,10222900
2019-11-11,109.99333953857422,4577000
2019-11-12,110.49849700927734,5772900
2019-11-13,111.21549987792969,6672400
2019-11-14,112.36431121826172,10213300
2019-11-15,112.24205780029297,4657600
2019-11-18,112.44580078125,5943900
2019-11-19,113.38278198242188,7893100
2019-11-20,114.55602264404297,7905500
2019-11-21,113.83905029296875,5980900
2019-11-22,113.98564910888672,4664800
2019-11-25,114.31974792480469,4157300
2019-11-26,114.98788452148438,4281100
2019-11-27,114.65380859375,4095700
2019-11-29,114.40938568115234,6251100
2019-12-02,112.88394165039062,17702200
2019-12-03,115.25079345703125,13062400
2019-12-04,114.10000610351562,8586300
2019-12-05,113.5450210571289,7273800
2019-12-06,112.91658782958984,7931100
2019-12-09,113.16143798828125,4016900
2019-12-10,113.16960906982422,4947600
2019-12-11,114.05925750732422,6256700
2019-12-12,112.18203735351562,14857000
2019-12-13,113.47969818115234,11335100
2019-12-16,112.45950317382812,9156600
2019-12-17,112.30445098876953,6179700
2019-12-18,111.3822250366211,6244700
2019-12-19,111.56041717529297,6591100
2019-12-20,111.70751953125,5455700
2019-12-23,111.54402923583984,5175000
2019-12-24,111.8628921508789,4667400
2019-12-26,112.13260650634766,5290200
2019-12-27,112.25520324707031,7300500
2019-12-30,111.84651184082031,7979700
2019-12-31,110.7511215209961,10707400
2020-01-02,112.00186157226562,11034100
2020-01-03,113.7266845703125,12366000
2020-01-06,113.08091735839844,11369800
2020-01-07,112.52503204345703,8381200
2020-01-08,111.78113555908203,10621700
2020-01-09,112.17350769042969,7411500
2020-01-10,113.1708755493164,8776000
2020-01-13,112.82748413085938,5966900
2020-01-14,113.40786743164062,13920300
2020-01-15,114.15995788574219,6290500
2020-01-16,113.8002700805664,6798600
2020-01-17,112.82748413085938,9693100
2020-01-21,114.01280212402344,6794900
2020-01-22,114.41339874267578,6317000
2020-01-23,115.21452331542969,9747400
2020-01-24,116.1463851928711,8585000
2020-01-27,117.95307159423828,10935200
2020-01-28,117.0292739868164,10612900
2020-01-29,118.17378234863281,9566800
2020-01-30,118.19010162353516,14711800
2020-01-31,119.26913452148438,14538100
2020-02-03,119.17250061035156,15309000
2020-02-04,117.56769561767578,11388300
2020-02-05,116.28208923339844,10782600
2020-02-06,116.8061294555664,6683100
2020-02-07,118.26364135742188,11374800
2020-02-10,118.59117126464844,6699300
2020-02-11,117.99341583251953,7784100
2020-02-12,117.39566040039062,5595500
2020-02-13,117.84602355957031,7883400
2020-02-14,118.36192321777344,7137400
2020-02-18,119.17250061035156,6909200
2020-02-19,119.16436767578125,5707700
2020-02-20,120.09786224365234,9332900
2020-02-21,121.21961212158203,13860300
2020-02-24,123.02916717529297,15929300
2020-02-25,123.684326171875,20802900
2020-02-26,123.02916717529297,22589500
2020-02-27,124.3639144897461,30687900
2020-02-28,127.17249298095703,44935200
2020-03-02,126.23688507080078,28152400
2020-03-03,128.19674682617188,38608000
2020-03-04,126.8354263305664,23463700
2020-03-05,129.99266052246094,17786200
2020-03-06,136.75791931152344,76288300
2020-03-09,140.46449279785156,41552800
2020-03-10,133.2645721435547,37728300
2020-03-11,128.36074829101562,29519300
2020-03-12,129.1561737060547,24361800
2020-03-13,126.23688507080078,19812900
2020-03-16,134.4126739501953,30496700
2020-03-17,125.4495620727539,18570900
2020-03-18,118.3726577758789,47061000
2020-03-19,121.59542846679688,21175300
2020-03-20,130.7388458251953,20863100
2020-03-23,136.12649536132812,19971800
2020-03-24,133.5925750732422,11948600
2020-03-25,133.28919982910156,10750600
2020-03-26,133.9452362060547,10576200
2020-03-27,137.5205841064453,12550000
2020-03-30,136.38894653320312,13473200
2020-03-31,135.2819366455078,11464800
2020-04-01,137.17724609375,11334700
2020-04-02,138.0477752685547,5771200
2020-04-03,138.37625122070312,6570800
2020-04-06,138.01490783691406,9434800
2020-04-07,136.56954956054688,13811400
2020-04-08,135.57591247558594,10147100
2020-04-09,135.82225036621094,14259100
2020-04-13,134.58216857910156,8750300
2020-04-14,134.54931640625,9019100
2020-04-15,138.113525390625,10027800
2020-04-16,139.6820068359375,8265400
2020-04-17,137.80955505371094,8612100
2020-04-20,138.91824340820312,6462600
2020-04-21,140.6674346923828,7850700
2020-04-22,139.23031616210938,6230200
2020-04-23,139.96949768066406,5968600
2020-04-24,140.29783630371094,6211800
2020-04-27,137.68643188476562,9039500
2020-04-28,139.27137756347656,9905400
2020-04-29,138.5487060546875,8619600
2020-04-30,136.93089294433594,11606100
2020-05-01,138.10353088378906,10209400
2020-05-04,137.45388793945312,8300900
2020-05-05,136.57398986816406,7831800
2020-05-06,134.37026977539062,14721500
2020-05-07,136.6151580810547,9164800
2020-05-08,134.83901977539062,8129800
2020-05-11,133.7864532470703,8713500
2020-05-12,135.1597137451172,10057300
2020-05-13,136.10545349121094,13305600
2020-05-14,137.43740844726562,10080000
2020-05-15,137.08383178710938,7225600
2020-05-18,134.0742645263672,10073100
2020-05-19,134.57583618164062,8639100
2020-05-20,134.97882080078125,10927300
2020-05-21,135.31590270996094,8920000
2020-05-22,136.13002014160156,4956700
2020-05-26,134.30450439453125,8098900
2020-05-27,134.05787658691406,8047400
2020-05-28,133.56443786621094,10272600
2020-05-29,134.51829528808594,14632700
2020-06-01,133.61264038085938,13341400
2020-06-02,133.12689208984375,11517100
2020-06-03,131.35665893554688,12255700
2020-06-04,129.45477294921875,14038600
2020-06-05,128.53260803222656,17778500
2020-06-08,129.0265350341797,10346700
2020-06-09,130.49208068847656,9095300
2020-06-10,132.42697143554688,13135500
2020-06-11,134.9299774169922,17086400
2020-06-12,133.6291046142578,9716100
2020-06-15,133.70326232910156,7759800
2020-06-16,131.65306091308594,13698900
2020-06-17,132.1964874267578,7113900
2020-06-18,133.59613037109375,7691400
2020-06-19,133.70326232910156,8565500
2020-06-22,133.7196807861328,9319700
2020-06-23,132.80575561523438,9088600
2020-06-24,134.2301788330078,11436500
2020-06-25,134.6171112060547,10968000
2020-06-26,136.05799865722656,12119300
2020-06-29,135.6298370361328,7274400
2020-06-30,134.9711456298828,14841700
2020-07-01,134.70904541015625,13181000
2020-07-02,134.84913635253906,7599800
2020-07-06,134.29685974121094,7972700
2020-07-07,136.1845703125,12791900
2020-07-08,135.64048767089844,7253900
2020-07-09,137.80020141601562,13373100
2020-07-10,137.10777282714844,8478000
2020-07-13,137.56117248535156,8054000
2020-07-14,137.7589569091797,11344600
2020-07-15,137.11598205566406,7840300
2020-07-16,137.7672119140625,9107400
2020-07-17,137.47874450683594,8549900
2020-07-20,137.816650390625,6907200
2020-07-21,137.89913940429688,8454400
2020-07-22,138.3112030029297,6592100
2020-07-23,139.9268798828125,10471800
2020-07-24,139.91868591308594,7520700
2020-07-27,139.39930725097656,6146400
2020-07-28,140.36378479003906,8520700
2020-07-29,140.12478637695312,6733700
2020-07-30,141.04800415039062,9376100
2020-07-31,140.95736694335938,8886000
2020-08-03,140.24755859375,9066200
2020-08-04,141.58448791503906,9878900
2020-08-05,140.34664916992188,6954100
2020-08-06,141.13059997558594,9481800
2020-08-07,140.1898193359375,8176900
2020-08-10,139.56256103515625,6408500
2020-08-11,137.90396118164062,19234200
2020-08-12,136.6495819091797,11744800
2020-08-13,135.18893432617188,12744700
2020-08-14,134.6608123779297,6398100
2020-08-17,134.99916076660156,6901500
2020-08-18,135.96466064453125,8140600
2020-08-19,135.11468505859375,12497700
2020-08-20,136.3360137939453,10319900
2020-08-21,137.15306091308594,6836000
2020-08-24,136.93020629882812,6490600
2020-08-25,135.8821258544922,10518300
2020-08-26,135.3623046875,8276600
2020-08-27,133.05987548828125,19860100
2020-08-28,132.96084594726562,8415400
2020-08-31,133.84384155273438,11388100
2020-09-01,135.3746795654297,10587000
2020-09-02,136.66346740722656,15167700
2020-09-03,137.0518035888672,16416600
2020-09-04,134.44944763183594,13780300
2020-09-08,135.2755889892578,13790400
2020-09-09,134.91207885742188,9558900
2020-09-10,135.5977783203125,8847700
2020-09-11,135.8868865966797,5458200
2020-09-14,135.87869262695312,4274900
2020-09-15,135.5482635498047,6928500
2020-09-16,135.14344787597656,8815200
2020-09-17,135.55648803710938,7813900
2020-09-18,135.1351776123047,7246300
2020-09-21,135.82083129882812,11086900
2020-09-22,135.7134246826172,10524100
2020-09-23,135.89517211914062,6224800
2020-09-24,136.4156494140625,8278100
2020-09-25,136.4156494140625,5140300
2020-09-28,136.02737426757812,4470100
2020-09-29,136.18435668945312,10297600
2020-09-30,134.8790740966797,12971000
2020-10-01,135.1015167236328,11523900
2020-10-02,134.59693908691406,8828800
2020-10-05,131.96717834472656,14726000
2020-10-06,132.6783447265625,22419400
2020-10-07,131.71072387695312,9429200
2020-10-08,132.42190551757812,8431500
2020-10-09,132.3971405029297,8441500
2020-10-12,132.8189239501953,3962000
2020-10-13,133.7699737548828,7914300
2020-10-14,134.07595825195312,6954800
2020-10-15,133.84442138671875,9458800
2020-10-16,133.47225952148438,8416300
2020-10-19,132.9677734375,9286600
2020-10-20,131.70252990722656,11189000
2020-10-21,131.2476043701172,10453700
2020-10-22,129.88299560546875,12664900
2020-10-23,130.67691040039062,8783800
2020-10-26,131.8926239013672,7227300
2020-10-27,132.77752685546875,6062300
2020-10-28,132.90158081054688,11765800
2020-10-29,131.61146545410156,11932400
2020-10-30,130.31300354003906,13095400
2020-11-02,131.2891387939453,10810500
2020-11-03,130.52749633789062,16228700
2020-11-04,133.35894775390625,21570800
2020-11-05,133.5907745361328,18537500
2020-11-06,131.97630310058594,12408400
2020-11-09,129.2028045654297,23245000
2020-11-10,128.45774841308594,12561000
2020-11-11,128.92135620117188,5888200
2020-11-12,131.11534118652344,15999700
2020-11-13,130.94146728515625,7344600
2020-11-16,130.62689208984375,6310400
2020-11-17,131.4796142578125,7444600
2020-11-18,131.86038208007812,10333300
2020-11-19,132.53927612304688,10637200
2020-11-20,133.7149658203125,7246800
2020-11-23,133.10231018066406,11300000
2020-11-24,131.77764892578125,10891700
2020-11-25,131.3718719482422,9145800
2020-11-27,132.6469268798828,4708200
2020-11-30,132.48129272460938,13071600
2020-12-01,130.52798461914062,13662800
2020-12-02,129.4920196533203,12114300
2020-12-03,130.53628540039062,9626500
2020-12-04,128.621826171875,12734500
2020-12-07,129.78213500976562,9316100
2020-12-08,130.39527893066406,7397200
2020-12-09,129.96441650390625,7750100
2020-12-10,131.116455078125,10025100
2020-12-11,131.58050537109375,8135900
2020-12-14,131.2158660888672,7535900
2020-12-15,130.77655029296875,6847500
2020-12-16,130.428466796875,9954200
2020-12-17,130.0834197998047,9422700
2020-12-18,129.6934814453125,6505000
2020-12-21,130.20777893066406,8988200
2020-12-22,130.87977600097656,7370800
2020-12-23,129.97560119628906,9266600
2020-12-24,130.48989868164062,3117100
2020-12-28,130.5479278564453,7791100
2020-12-29,130.38201904296875,9030900
2020-12-30,130.66416931152344,9097300
2020-12-31,130.8549041748047,7742100
2021-01-04,130.6973114013672,13152900
2021-01-05,129.72669982910156,10458100
2021-01-06,127.06362915039062,22827300
2021-01-07,125.94364166259766,14651900
2021-01-08,125.53713989257812,13622500
2021-01-11,125.3296890258789,8370700
2021-01-12,125.2301254272461,12186300
2021-01-13,126.64051818847656,12533300
2021-01-14,125.45415496826172,14835500
2021-01-15,125.95196533203125,11624700
2021-01-19,126.35844421386719,9575600
2021-01-20,126.48291778564453,5368900
2021-01-21,125.59517669677734,8162700
2021-01-22,126.00171661376953,9507200
2021-01-25,127.48675537109375,8712600
2021-01-26,127.2461166381836,7690300
2021-01-27,127.56963348388672,7895200
2021-01-28,126.864501953125,10667800
2021-01-29,126.10124206542969,14965900
2021-02-01,126.24744415283203,8165500
2021-02-02,125.43354034423828,9177500
2021-02-03,124.32051086425781,9633100
2021-02-04,123.98829650878906,8262600
2021-02-05,122.95008087158203,10258900
2021-02-08,123.48990631103516,11574800
2021-02-09,123.58123779296875,5218300
2021-02-10,124.40357208251953,8079800
2021-02-11,123.72246551513672,11962700
2021-02-12,122.18596649169922,14088400
2021-02-16,120.32547760009766,17789100
2021-02-17,121.08953857421875,11199100
2021-02-18,120.5995101928711,10755300
2021-02-19,118.99649810791016,12741700
2021-02-22,118.0912094116211,13203900
2021-02-23,117.75064086914062,12658500
2021-02-24,116.97822570800781,17363100
2021-02-25,115.06790161132812,52621700
2021-02-26,118.87191772460938,45423300
2021-03-01,117.30192565917969,22048000
2021-03-02,117.3102035522461,12482200
2021-03-03,116.03790283203125,19763700
2021-03-04,115.28949737548828,22366600
2021-03-05,115.5140609741211,20598000
2021-03-08,114.61592102050781,15236600
2021-03-09,116.20426940917969,14463400
2021-03-10,116.43709564208984,12387600
2021-03-11,115.59716033935547,14150700
2021-03-12,113.14405059814453,20402700
2021-03-15,113.8093032836914,11366500
2021-03-16,113.3519287109375,15567900
2021-03-17,112.50374603271484,27107500
2021-03-18,111.36446380615234,21615100
2021-03-19,112.05465698242188,18685000
2021-03-22,113.31034088134766,17047500
2021-03-23,114.33319091796875,16768400
2021-03-24,114.94857025146484,13863000
2021-03-25,114.04219818115234,20782000
2021-03-26,113.64300537109375,8433300
2021-03-29,112.6783676147461,13968100
2021-03-30,113.26873779296875,15020800
2021-03-31,112.63676452636719,19271300
2021-04-01,114.50623321533203,14885900
2021-04-05,114.00662231445312,8243000
2021-04-06,114.7810287475586,9282400
2021-04-07,113.98160552978516,11052700
2021-04-08,114.92256927490234,7847900
2021-04-09,114.50623321533203,8717800
2021-04-12,114.45623779296875,7659000
2021-04-13,115.31399536132812,13232800
2021-04-14,114.94754028320312,7293200
2021-04-15,116.87116241455078,23896700
2021-04-16,115.96347045898438,15238400
2021-04-19,115.63042449951172,13886800
2021-04-20,116.16331481933594,11476500
2021-04-21,116.39649963378906,11902200
2021-04-22,116.9044189453125,14156400
2021-04-23,116.629638671875,12302200
2021-04-26,116.46307373046875,9103500
2021-04-27,115.4471664428711,14137300
2021-04-28,115.52214050292969,15263700
2021-04-29,115.18072509765625,17178200
2021-04-30,115.4471664428711,15692000
2021-05-03,115.516357421875,16447700
2021-05-04,116.30035400390625,18639700
2021-05-05,116.49210357666016,11127900
2021-05-06,116.68392944335938,21907600
2021-05-07,116.10852813720703,18346900
2021-05-10,114.93265533447266,15146200
2021-05-11,114.28219604492188,15158600
2021-05-12,113.08129119873047,20859400
2021-05-13,113.25643157958984,13073900
2021-05-14,114.3155517578125,17566700
2021-05-17,114.07366943359375,6113800
2021-05-18,113.78185272216797,11423100
2021-05-19,113.50662994384766,14296000
2021-05-20,114.44062042236328,13310500
2021-05-21,114.80758666992188,10171600
2021-05-24,115.23286437988281,6868700
2021-05-25,116.30035400390625,12346900
2021-05-26,116.10016632080078,9793700
2021-05-27,115.63316345214844,10695200
2021-05-28,115.44973754882812,10258000
2021-06-01,115.42382049560547,11778500
2021-06-02,115.69105529785156,7347900
2021-06-03,115.25675201416016,10994000
2021-06-04,116.83514404296875,15773700
2021-06-07,116.47608947753906,7799800
2021-06-08,117.29452514648438,11230900
2021-06-09,118.33007049560547,12768300
2021-06-10,119.03993225097656,19698300
2021-06-11,118.84786224365234,8646700
2021-06-14,117.93760681152344,9401300
2021-06-15,117.79560852050781,18207300
2021-06-16,117.69537353515625,19676300
2021-06-17,119.45751190185547,35225800
2021-06-18,121.70402526855469,26616900
2021-06-21,119.66629791259766,16485000
2021-06-22,119.95858001708984,14530200
2021-06-23,119.64955139160156,12040900
2021-06-24,119.8416976928711,8788400
2021-06-25,118.59732818603516,15562200
2021-06-28,119.81663513183594,11460700
2021-06-29,120.01703643798828,11217900
2021-06-30,120.5514907836914,15708900
2021-07-01,120.55819702148438,10810000
2021-07-02,121.28569793701172,9650200
2021-07-06,122.70730590820312,20037200
2021-07-07,123.79436492919922,20964400
2021-07-08,124.27941131591797,17487800
2021-07-09,122.53173065185547,14483600
2021-07-12,122.37281036376953,10610400
2021-07-13,121.43623352050781,23340200
2021-07-14,122.8160400390625,16038600
2021-07-15,124.17070770263672,18462400
2021-07-16,123.9365463256836,12787900
2021-07-19,126.6542739868164,40203900
2021-07-20,125.43341827392578,25674800
2021-07-21,123.84453582763672,19988900
2021-07-22,125.0152587890625,18136900
2021-07-23,124.17906188964844,12639300
2021-07-26,123.81107330322266,10737700
2021-07-27,125.13235473632812,13036500
2021-07-28,125.14066314697266,14346700
2021-07-29,124.4466781616211,11532000
2021-07-30,125.03205871582031,14342100
2021-08-02,126.14717864990234,21232700
2021-08-03,126.21417999267578,13361900
2021-08-04,126.47371673583984,18267900
2021-08-05,125.82906341552734,15345400
2021-08-06,123.72753143310547,21144300
2021-08-09,123.28385162353516,12942400
2021-08-10,122.7144775390625,13716900
2021-08-11,122.63919830322266,17227600
2021-08-12,122.43824005126953,14709400
2021-08-13,124.37223052978516,18653800
2021-08-16,124.67367553710938,19170900
2021-08-17,124.6234130859375,14126900
2021-08-18,125.04208374023438,13144000
2021-08-19,125.96304321289062,15474300
2021-08-20,126.04674530029297,12388400
2021-08-23,125.96304321289062,10615000
2021-08-24,124.98345184326172,13835900
2021-08-25,123.94522857666016,16743800
2021-08-26,124.28852081298828,16657400
2021-08-27,125.13416290283203,15384700
2021-08-30,125.46064758300781,10596300
2021-08-31,124.60664367675781,15262400
2021-09-01,124.81544494628906,10807100
2021-09-02,125.36036682128906,9765900
2021-09-03,124.22019958496094,12928000
2021-09-07,123.17236328125,15547800
2021-09-08,124.0105972290039,14533700
2021-09-09,125.51117706298828,20324600
2021-09-10,124.40461730957031,14894600
2021-09-13,125.15914154052734,15036100
2021-09-14,126.67646026611328,19918400
2021-09-15,126.23218536376953,11940300
2021-09-16,125.6536865234375,13328900
2021-09-17,125.05011749267578,13782900
2021-09-20,126.6010513305664,14660400
2021-09-21,126.49199676513672,10035800
2021-09-22,127.24650573730469,22277800
2021-09-23,124.3711166381836,23853300
2021-09-24,123.1556167602539,20203900
2021-09-27,122.702880859375,13464300
2021-09-28,120.7915267944336,26613500
2021-09-29,121.00110626220703,23569400
2021-09-30,120.98432922363281,22567600
2021-10-01,122.00252532958984,26151800
2021-10-04,121.6919174194336,28027600
2021-10-05,120.51678466796875,22659200
2021-10-06,121.19673156738281,18696500
2021-10-07,119.92929077148438,14856000
2021-10-08,119.08991241455078,17257800
2021-10-11,118.78771209716797,7213400
2021-10-12,120.81896209716797,17968700
2021-10-13,121.99409484863281,23584600
2021-10-14,122.4474105834961,12946400
2021-10-15,121.73399353027344,11811500
2021-10-18,122.30472564697266,12115900
2021-10-19,120.6175537109375,12156300
2021-10-20,119.8033676147461,12782500
2021-10-21,119.66064453125,13660000
2021-10-22,120.97845458984375,13740000
2021-10-25,120.79383850097656,8137900
2021-10-26,121.7927017211914,13671000
2021-10-27,124.00862121582031,22092300
2021-10-28,123.5889892578125,17497600
2021-10-29,123.96661376953125,19087300
2021-11-01,123.07413482666016,18035500
2021-11-02,123.62035369873047,9836700
2021-11-03,122.34292602539062,20639400
2021-11-04,123.6287841796875,15922400
2021-11-05,125.4777603149414,21513000
2021-11-08,125.24241638183594,12083800
2021-11-09,126.87290954589844,23430200
2021-11-10,124.55329895019531,28170600
2021-11-11,124.36836242675781,5552500
2021-11-12,123.82206726074219,12712000
2021-11-15,122.2672119140625,15232700
2021-11-16,121.95634460449219,12998700
2021-11-17,122.92279052734375,14239900
2021-11-18,123.38510131835938,11054600
2021-11-19,124.68778228759766,14022100
2021-11-22,123.22541046142578,15266000
2021-11-23,121.44364166259766,15318500
2021-11-24,123.39347076416016,13769700
2021-11-26,126.5114974975586,20064800
2021-11-29,125.49452209472656,23234200
2021-11-30,127.40233612060547,31481100
2021-12-01,128.18824768066406,30826500
2021-12-02,128.34814453125,17754200
2021-12-03,129.879638671875,34427100
2021-12-06,128.095703125,30924200
2021-12-07,127.06070709228516,22115900
2021-12-08,124.86454010009766,33633900
2021-12-09,125.56293487548828,17544900
2021-12-10,125.26001739501953,14298700
2021-12-13,127.1112289428711,17860500
2021-12-14,126.80831146240234,14015500
2021-12-15,125.58820343017578,25383900
2021-12-16,125.63704681396484,18677900
2021-12-17,127.06067657470703,18093500
2021-12-20,126.10879516601562,17147300
2021-12-21,125.62857055664062,16598200
2021-12-22,126.20991516113281,12253900
2021-12-23,125.11476135253906,11642500
2021-12-27,125.41800689697266,7821800
2021-12-28,124.92095184326172,9174600
2021-12-29,123.55625915527344,11771200
2021-12-30,124.59243774414062,10355000
2021-12-31,124.83674621582031,13402300
2022-01-03,121.55975341796875,33860400
2022-01-04,121.05430603027344,21996400
2022-01-05,120.39723205566406,20911700
2022-01-06,120.70892333984375,18996400
2022-01-07,119.84124755859375,18756800
2022-01-10,120.13611602783203,13775800
2022-01-11,120.93639373779297,24388700
2022-01-12,120.47303009033203,14440600
2022-01-13,121.54289245605469,15166000
2022-01-14,119.70650482177734,22997500
2022-01-18,118.02165985107422,21171700
2022-01-19,118.83879852294922,17930500
2022-01-20,119.57170104980469,13959000
2022-01-21,120.99534606933594,28916600
2022-01-24,120.00126647949219,25001600
2022-01-25,119.80753326416016,15599000
2022-01-26,118.35862731933594,23655500
2022-01-27,120.53202819824219,21501800
2022-01-28,120.57418060302734,12826500
2022-01-31,119.95076751708984,13998400
2022-02-01,119.55260467529297,20806100
2022-02-02,119.9574966430664,18404600
2022-02-03,119.02112579345703,17234100
2022-02-04,117.26649475097656,23609800
2022-02-07,117.34242248535156,12962400
2022-02-08,116.55786895751953,16269200
2022-02-09,116.77721405029297,14349100
2022-02-10,114.92131042480469,30896200
2022-02-11,116.62535095214844,43210300
2022-02-14,115.17437744140625,23157400
2022-02-15,113.86685180664062,18198500
2022-02-16,114.54173278808594,16473700
2022-02-17,115.39370727539062,24508200
2022-02-18,116.60851287841797,17522600
2022-02-22,116.91217803955078,19534000
2022-02-23,115.30091094970703,17757800
2022-02-24,115.37683868408203,28150400
2022-02-25,115.46119689941406,15025400
2022-02-28,117.99195861816406,25817700
2022-03-01,119.3561782836914,35664400
2022-03-02,115.2762451171875,30397400
2022-03-03,116.45036315917969,20649100
2022-03-04,118.46080017089844,25853100
2022-03-07,117.55694580078125,23710900
2022-03-08,116.37438201904297,28331300
2022-03-09,115.2340087890625,18819200
2022-03-10,113.57840728759766,26868900
2022-03-11,113.95853424072266,15583800
2022-03-14,111.2977294921875,24385000
2022-03-15,111.10343170166016,17518800
2022-03-16,112.19309997558594,25857700
2022-03-17,111.35684967041016,19330600
2022-03-18,112.71681213378906,55891700
2022-03-21,110.10667419433594,26122000
2022-03-22,108.6960220336914,21830900
2022-03-23,111.07806396484375,21266100
2022-03-24,110.20805358886719,17141600
2022-03-25,108.67913818359375,25684500
2022-03-28,109.60828399658203,17657800
2022-03-29,110.4361343383789,19319700
2022-03-30,111.2977294921875,16310200
2022-03-31,111.56805419921875,19901000
2022-04-01,111.99272155761719,23489700
2022-04-04,111.21440887451172,13609900
2022-04-05,108.7018051147461,25196900
2022-04-06,107.82195281982422,22952000
2022-04-07,107.00978088378906,23458800
2022-04-08,105.85076904296875,26859200
2022-04-11,104.17572021484375,30020700
2022-04-12,104.03189849853516,23124200
2022-04-13,104.24341583251953,17189500
2022-04-14,102.15377807617188,34274500
2022-04-18,101.64619445800781,18784300
2022-04-19,100.884765625,26012300
2022-04-20,102.91519165039062,31423200
2022-04-21,102.15377807617188,23323200
2022-04-22,101.51084899902344,19773400
2022-04-25,102.52605438232422,25418900
2022-04-26,103.55815124511719,26931300
2022-04-27,102.22991943359375,14560500
2022-04-28,102.3821792602539,16892500
2022-04-29,101.05401611328125,26153400
2022-05-02,99.30233001708984,29233900
2022-05-03,99.97183990478516,21256700
2022-05-04,100.52269744873047,25575700
2022-05-05,97.7685317993164,48384500
2022-05-06,96.32784271240234,32790500
2022-05-09,97.17527770996094,26773000
2022-05-10,98.05660247802734,33640800
2022-05-11,99.94640350341797,34173600
2022-05-12,99.75996398925781,26405700
2022-05-13,98.28540802001953,20782700
2022-05-16,98.1837158203125,11050600
2022-05-17,96.9973373413086,15040800
2022-05-18,99.06507873535156,21337300
2022-05-19,99.30233001708984,21937500
2022-05-20,100.42945098876953,22780900
2022-05-23,98.77690887451172,15925200
2022-05-24,100.72606658935547,23388200
2022-05-25,101.12435913085938,14410800
2022-05-26,100.66675567626953,14912900
2022-05-27,100.91248321533203,11190400
2022-05-31,98.77690887451172,28393700
2022-06-01,98.66404724121094,15544800
2022-06-02,98.71495819091797,9832000
2022-06-03,98.50273132324219,15330400
2022-06-06,96.68600463867188,20815400
2022-06-07,97.73023986816406,14278700
2022-06-08,96.86429595947266,11476100
2022-06-09,97.18688201904297,15527300
2022-06-10,96.58413696289062,21917100
2022-06-13,93.55338287353516,36968300
2022-06-14,92.37334442138672,21865900
2022-06-15,94.09672546386719,25202800
2022-06-16,94.84382629394531,26067300
2022-06-17,95.14939880371094,21614300
2022-06-21,93.53643798828125,17663800
2022-06-22,96.10872650146484,23703800
2022-06-23,96.89823913574219,20669200
2022-06-24,95.55692291259766,18161300
2022-06-27,94.7419204711914,12053000
2022-06-28,95.18338012695312,13706600
2022-06-29,96.66901397705078,12925400
2022-06-30,97.5179672241211,25802100
2022-07-01,98.51914978027344,21858800
2022-07-05,99.29324340820312,16689700
2022-07-06,97.6259765625,20205400
2022-07-07,96.76685333251953,13088000
2022-07-08,95.69508361816406,15320000
2022-07-11,97.34528350830078,13639900
2022-07-12,97.92372131347656,18547300
2022-07-13,99.04654693603516,20594800
2022-07-14,98.23845672607422,15665000
2022-07-15,98.79134368896484,16022600
2022-07-18,97.7620849609375,15838300
2022-07-19,97.2347183227539,9276800
2022-07-20,97.4898910522461,9117300
2022-07-21,99.17410278320312,14754900
2022-07-22,100.84135437011719,17715300
2022-07-25,99.8546142578125,24868100
2022-07-26,99.9311752319336,13536000
2022-07-27,99.36978149414062,15725600
2022-07-28,100.16084289550781,16637900
2022-07-29,99.88864135742188,16655900
2022-08-01,102.29431915283203,17974600
2022-08-02,100.12980651855469,17896300
2022-08-03,101.70631408691406,16731200
2022-08-04,101.67223358154297,11003000
2022-08-05,99.2520751953125,19492300
2022-08-08,100.8541488647461,17476300
2022-08-09,100.4621810913086,8223200
2022-08-10,99.80602264404297,14665300
2022-08-11,97.47956848144531,20663800
2022-08-12,98.46810150146484,12178400
2022-08-15,98.38287353515625,9031800
2022-08-16,98.79190826416016,11066000
2022-08-17,97.76078796386719,14131300
2022-08-18,97.90564727783203,10738200
2022-08-19,96.3291244506836,16330900
2022-08-22,96.00532531738281,10457200
2022-08-23,95.47699737548828,17813200
2022-08-24,94.77820587158203,13971600
2022-08-25,96.09906005859375,21429700
2022-08-26,96.82339477539062,18764400
2022-08-29,96.02235412597656,14278300
2022-08-30,96.26097869873047,14346600
2022-08-31,95.34066009521484,13623500
2022-09-01,93.59510040283203,22490400
2022-09-02,94.12458038330078,13024400
2022-09-06,91.79325103759766,24648500
2022-09-07,93.24498748779297,17050100
2022-09-08,92.28852844238281,14671400
2022-09-09,92.49349975585938,12529800
2022-09-12,91.73345184326172,14806900
2022-09-13,91.94690704345703,22158900
2022-09-14,92.262939453125,13077800
2022-09-15,92.2031478881836,10260200
2022-09-16,91.4345703125,18903800
2022-09-19,91.64808654785156,11084400
2022-09-20,90.73430633544922,20133800
2022-09-21,92.25439453125,23132900
2022-09-22,89.89739227294922,29030600
2022-09-23,90.26466369628906,23042200
2022-09-26,88.53961944580078,25104600
2022-09-27,86.20825958251953,34609500
2022-09-28,89.09469604492188,39283100
2022-09-29,88.63356018066406,19127100
2022-09-30,87.48920440673828,26485700
2022-10-03,88.8793716430664,27192200
2022-10-04,88.63114929199219,13788700
2022-10-05,87.78369140625,20522100
2022-10-06,87.29579162597656,13965700
2022-10-07,86.44831848144531,14814800
2022-10-10,85.10437774658203,15652600
2022-10-11,85.48101806640625,33246700
2022-10-12,85.90047454833984,21447600
2022-10-13,85.07872009277344,30292500
2022-10-14,84.37679290771484,18728200
2022-10-17,83.96589660644531,18969900
2022-10-18,84.16278839111328,16931500
2022-10-19,82.6304931640625,25431600
2022-10-20,81.21809387207031,25434900
2022-10-21,79.75433349609375,46280300
2022-10-24,79.09522247314453,31332600
2022-10-25,81.39786529541016,31213100
2022-10-26,82.57061004638672,24843900
2022-10-27,83.43516540527344,20270000
2022-10-28,82.86163330078125,22244100
2022-10-31,82.27099609375,23956700
2022-11-01,83.03985595703125,17585100
2022-11-02,82.679443359375,25010500
2022-11-03,82.23323822021484,29097500
2022-11-04,80.85166931152344,23561400
2022-11-07,80.04505920410156,14522800
2022-11-08,80.9203109741211,20360600
2022-11-09,81.18631744384766,15637500
2022-11-10,84.30989074707031,45380900
2022-11-11,84.00094604492188,15943100
2022-11-14,83.7950210571289,13741100
2022-11-15,85.15082550048828,26608200
2022-11-16,87.01295471191406,28507700
2022-11-17,86.0947494506836,24528900
2022-11-18,85.50265502929688,14941300
2022-11-21,85.8630599975586,15534000
2022-11-22,87.08160400390625,18103100
2022-11-23,88.6004409790039,23234600
2022-11-25,88.30012512207031,9486100
2022-11-28,88.54898071289062,14563200
2022-11-29,87.51068115234375,16576400
2022-11-30,88.15422821044922,21581700
2022-12-01,90.97037506103516,53156800
2022-12-02,92.11443328857422,24479500
2022-12-05,90.82417297363281,20159700
2022-12-06,91.99398040771484,21754500
2022-12-07,94.16158294677734,30546700
2022-12-08,93.90355682373047,13377300
2022-12-09,91.46068572998047,25872200
2022-12-12,91.75314331054688,16897100
2022-12-13,92.63911437988281,23854700
2022-12-14,93.03477478027344,19517500
2022-12-15,93.3978271484375,20246200
2022-12-16,92.3544692993164,20838300
2022-12-19,90.80242156982422,26126800
2022-12-20,89.1900634765625,28869000
2022-12-21,89.41422271728516,15894100
2022-12-22,89.39701080322266,11322500
2022-12-23,88.08638763427734,15408900
2022-12-27,86.34468078613281,26475700
2022-12-28,85.8359375,17302900
2022-12-29,86.81027221679688,16593000
2022-12-30,85.84456634521484,20810200
2023-01-03,87.48281860351562,25313200
2023-01-04,88.68132781982422,21678200
2023-01-05,89.05207061767578,14771100
2023-01-06,90.69035339355469,27473700
2023-01-09,91.17320251464844,21472200
2023-01-10,89.66429138183594,20545200
2023-01-11,91.12146759033203,18794000
2023-01-12,92.9149169921875,32029600
2023-01-13,92.0440673828125,17750800
2023-01-17,91.4491195678711,13911700
2023-01-18,93.66507720947266,35497200
2023-01-19,93.07872772216797,17194700
2023-01-20,91.56983947753906,22754100
2023-01-23,91.13872528076172,12961500
2023-01-24,92.4493179321289,16417200
2023-01-25,92.67350006103516,11906500
2023-01-26,92.24240112304688,15549400
2023-01-27,92.00955963134766,11845500
2023-01-30,91.67330932617188,11459700
2023-01-31,92.40621185302734,13705300
2023-02-01,93.51705169677734,25305800
2023-02-02,93.63807678222656,19548400
2023-02-03,92.23763275146484,20619500
2023-02-06,91.55471801757812,15182400
2023-02-07,90.81995391845703,18290300
2023-02-08,91.2521743774414,13530700
2023-02-09,90.38771057128906,20469900
2023-02-10,89.37628936767578,16598300
2023-02-13,90.12838745117188,13134300
2023-02-14,89.92089080810547,15440300
2023-02-15,89.08238220214844,15246900
2023-02-16,87.82024383544922,19267300
2023-02-17,88.50316619873047,19560900
2023-02-21,86.7829360961914,22728000
2023-02-22,87.5782241821289,15165400
2023-02-23,88.43403625488281,15829100
2023-02-24,87.2843017578125,21403600
2023-02-27,87.5263442993164,14209200
2023-02-28,87.92398834228516,14955700
2023-03-01,86.97940826416016,19000000
2023-03-02,86.20813751220703,23763600
2023-03-03,88.29664611816406,30877300
2023-03-06,87.61204528808594,16631900
2023-03-07,88.14933013916016,23096500
2023-03-08,88.23597717285156,20252400
2023-03-09,88.45259857177734,21550400
2023-03-10,91.50299835205078,43921500
2023-03-13,91.71099853515625,51502500
2023-03-14,90.2031021118164,38417800
2023-03-15,91.94493103027344,45164100
2023-03-16,91.22569274902344,43089300
2023-03-17,92.59491729736328,38129000
2023-03-20,91.78031158447266,24242800
2023-03-21,90.99170684814453,18934900
2023-03-22,92.20494079589844,26388500
2023-03-23,92.20494079589844,25475100
2023-03-24,92.59491729736328,23652700
2023-03-27,90.41976165771484,22224500
2023-03-28,90.5844497680664,17794300
2023-03-29,90.40241241455078,16804400
2023-03-30,90.81841278076172,14315800
2023-03-31,92.17894744873047,25396700
2023-04-03,92.6124496459961,18234800
2023-04-04,93.07292938232422,18052400
2023-04-05,94.04595947265625,23047700
2023-04-06,94.28919219970703,16447300
2023-04-10,92.76884460449219,19134400
2023-04-11,92.9599838256836,13971200
2023-04-12,92.86441802978516,20563000
2023-04-13,92.1346435546875,22079400
2023-04-14,91.29193115234375,19801900
2023-04-17,90.2059326171875,19528800
2023-04-18,90.52738952636719,15922600
2023-04-19,90.44052124023438,16093900
2023-04-20,91.21369171142578,16450100
2023-04-21,90.7011489868164,15244700
2023-04-24,91.57862854003906,17034300
2023-04-25,92.92523193359375,21899900
2023-04-26,91.93482971191406,19610400
2023-04-27,91.02259826660156,20247600
2023-04-28,92.49085235595703,26954100
2023-05-01,89.82389831542969,32487300
2023-05-02,92.06232452392578,30057800
2023-05-03,92.5761947631836,23656200
2023-05-04,91.66167449951172,25110500
2023-05-05,91.35682678222656,15096500
2023-05-08,90.07647705078125,20587000
2023-05-09,89.7542495727539,19182500
2023-05-10,90.6252212524414,22886800
2023-05-11,91.58330535888672,19147200
2023-05-12,90.81681823730469,14198500
2023-05-15,89.87615203857422,20085300
2023-05-16,89.60614013671875,29251700
2023-05-17,89.34486389160156,21340900
2023-05-18,88.68292236328125,25536600
2023-05-19,88.05581665039062,29038000
2023-05-22,87.74227142333984,20131100
2023-05-23,87.99484252929688,21749500
2023-05-24,87.55935668945312,18473400
2023-05-25,87.34159088134766,22492800
2023-05-26,88.0470962524414,17030300
2023-05-30,88.92679595947266,23125200
2023-05-31,89.70196533203125,23787000
2023-06-01,90.05390930175781,21040400
2023-06-02,89.06708526611328,19136500
2023-06-05,88.90116119384766,14433200
2023-06-06,89.42512512207031,14332100
2023-06-07,88.09771728515625,25251100
2023-06-08,89.12820434570312,23845100
2023-06-09,89.0059814453125,22147400
2023-06-12,89.26793670654297,19010300
2023-06-13,88.38592529296875,25910800
2023-06-14,89.09326934814453,29094200
2023-06-15,89.94908905029297,25732000
2023-06-16,89.59980010986328,16759100
2023-06-20,90.21983337402344,17162900
2023-06-21,90.43815612792969,19720100
2023-06-22,89.3465576171875,23630700
2023-06-23,90.23728942871094,22901900
2023-06-26,90.33338165283203,12894900
2023-06-27,90.0975570678711,18105700
2023-06-28,90.48182678222656,23826800
2023-06-29,88.84876251220703,41091600
2023-06-30,89.89669799804688,32024900
2023-07-03,89.3870620727539,16011800
2023-07-05,88.53768920898438,28170300
2023-07-06,87.28551483154297,41375700
2023-07-07,86.76012420654297,28996500
2023-07-10,86.87395477294922,24665200
2023-07-11,87.32054138183594,20485500
2023-07-12,88.29252624511719,31928000
2023-07-13,89.22071075439453,32441500
2023-07-14,88.69532012939453,18569000
2023-07-17,88.73908233642578,18822000
2023-07-18,89.14190673828125,15407400
2023-07-19,90.14888763427734,27192500
2023-07-20,89.05430603027344,56951200
2023-07-21,89.08059692382812,20657500
2023-07-24,88.75660705566406,17546700
2023-07-25,88.59024047851562,17160600
2023-07-26,88.67781066894531,19310700
2023-07-27,86.95274353027344,44794400
2023-07-28,87.39936065673828,27434000
2023-07-31,87.60951232910156,28663800
2023-08-01,86.17386627197266,34943400
2023-08-02,85.25186157226562,38121300
2023-08-03,83.28498840332031,59394800
2023-08-04,84.7601547241211,42071800
2023-08-07,83.92598724365234,35862900
2023-08-08,84.90065002441406,24010500
2023-08-09,85.33970642089844,20151100
2023-08-10,83.93477630615234,37253200
2023-08-11,83.74158477783203,26753500
2023-08-14,83.55720520019531,19072000
2023-08-15,83.04793548583984,24125000
2023-08-16,82.39813995361328,23076700
2023-08-17,82.04691314697266,32244900
2023-08-18,82.33670806884766,24181700
2023-08-21,81.23910522460938,29254100
2023-08-22,81.86250305175781,21308700
2023-08-23,83.89087677001953,38294700
2023-08-24,83.33768463134766,22300800
2023-08-25,83.60990142822266,23865200
2023-08-28,83.69772338867188,16037300
2023-08-29,84.56697082519531,28478100
2023-08-30,84.47919464111328,17550100
2023-08-31,84.85675048828125,26959700
2023-09-01,83.5348129272461,32469700
2023-09-05,82.36346435546875,29435900
2023-09-06,82.5660171508789,23636300
2023-09-07,82.79500579833984,18091500
2023-09-08,83.11206817626953,17052100
2023-09-11,82.51318359375,17061500
2023-09-12,82.98878479003906,20034300
2023-09-13,82.97115325927734,23332300
2023-09-14,82.37226867675781,27800600
2023-09-15,81.87030029296875,25642900
2023-09-18,82.33704376220703,17963400
2023-09-19,81.7293701171875,24941800
2023-09-20,81.98477172851562,29451200
2023-09-21,79.8798828125,59958700
2023-09-22,80.52281951904297,29524500
2023-09-25,78.54122161865234,45587900
2023-09-26,78.26820373535156,38104100
2023-09-27,77.8630599975586,47111200
2023-09-28,78.10086822509766,60238000
2023-09-29,78.10968017578125,49010100
2023-10-02,76.80210876464844,44704300
2023-10-03,75.14999389648438,71362600
2023-10-04,76.21018981933594,56281600
2023-10-05,75.83023834228516,35758800
2023-10-06,74.91143035888672,62787900
2023-10-09,76.6695785522461,29424900
2023-10-10,76.56356048583984,54743900
2023-10-11,78.16266632080078,58517700
2023-10-12,76.04228973388672,66986700
2023-10-13,77.4028549194336,44183800
2023-10-16,76.1571273803711,38309800
2023-10-17,75.31781005859375,52949100
2023-10-18,74.65520477294922,63724600
2023-10-19,73.12677764892578,87696900
2023-10-20,73.54202270507812,52188800
2023-10-23,74.42548370361328,70890400
2023-10-24,75.40618133544922,46267700
2023-10-25,73.72754669189453,60737200
2023-10-26,74.85841369628906,49704100
2023-10-27,74.54036712646484,32362300
2023-10-30,74.20462036132812,45026900
2023-10-31,73.84239959716797,37269200
2023-11-01,75.4434585571289,72308500
2023-11-02,77.16332244873047,69739400
2023-11-03,77.68639373779297,77692300
2023-11-06,76.9328384399414,41341900
2023-11-07,78.06758880615234,37834200
2023-11-08,79.39737701416016,53893400
2023-11-09,77.57111358642578,88975100
2023-11-10,78.0055160522461,36516400
2023-11-13,77.82823944091797,25661500
2023-11-14,79.59239196777344,65666800
2023-11-15,78.47539520263672,56205300
2023-11-16,79.45059967041016,49473900
2023-11-17,79.82291412353516,44091400
2023-11-20,80.31050109863281,40477800
2023-11-21,80.2750244140625,27721000
2023-11-22,80.5587387084961,31197500
2023-11-24,79.61016082763672,20199600
2023-11-27,80.9399185180664,39804400
2023-11-28,81.0995101928711,44989300
2023-11-29,82.11902618408203,61647800
2023-11-30,81.17045593261719,60520900
2023-12-01,82.69920349121094,64172200
2023-12-04,82.37016296386719,33766300
2023-12-05,84.1399154663086,73588600
2023-12-06,85.26048278808594,61606100
2023-12-07,84.77135467529297,47970200
2023-12-08,84.07766723632812,44809200
2023-12-11,83.89979553222656,33909700
2023-12-12,84.1488037109375,36996900
2023-12-13,86.12312316894531,70828500
2023-12-14,88.36344909667969,87798600
2023-12-15,88.46157836914062,59941300
2023-12-18,87.75674438476562,34746000
2023-12-19,88.22962951660156,30018400
2023-12-20,88.82738494873047,51229400
2023-12-21,88.26530456542969,65231200
2023-12-22,87.86383056640625,29244200
2023-12-26,88.11361694335938,24019700
2023-12-27,89.67500305175781,45082800
2023-12-28,89.02366638183594,36213000
2023-12-29,88.22071075439453,41616200
2024-01-02,87.71214294433594,47797400
2024-01-03,88.07793426513672,58159500
2024-01-04,86.73966217041016,52604500
2024-01-05,85.90989685058594,45894800
2024-01-08,86.75748443603516,39485800
2024-01-09,86.204345703125,34374000
2024-01-10,85.80286407470703,48227800
2024-01-11,86.28462219238281,78858900
2024-01-12,86.1151123046875,38883900
2024-01-16,84.59837341308594,61716700
2024-01-17,84.46453857421875,55506800
2024-01-18,83.67940521240234,77339100
2024-01-19,83.94705200195312,47030900
2024-01-22,84.4466781616211,35756400
2024-01-23,83.77754974365234,35786700
2024-01-24,83.28682708740234,54574900
2024-01-25,83.83108520507812,57019400
2024-01-26,83.67047882080078,29276900
2024-01-29,84.63404846191406,38243600
2024-01-30,85.40132141113281,40151400
2024-01-31,86.2400131225586,80646700
2024-02-01,87.93171691894531,84291200
2024-02-02,85.98939514160156,63823300
2024-02-05,84.25294494628906,53827400
2024-02-06,85.07643127441406,33411500
2024-02-07,84.66470336914062,40120200
2024-02-08,84.17239379882812,50087700
2024-02-09,84.00233459472656,27951300
2024-02-12,84.10079956054688,27890300
2024-02-13,82.65973663330078,49768500
2024-02-14,83.08042907714844,44191600
2024-02-15,83.51004028320312,49598500
2024-02-16,83.0267105102539,33116800
2024-02-20,83.09832000732422,24469300
2024-02-21,82.50758361816406,36343100
2024-02-22,82.91035461425781,45190700
2024-02-23,84.02027130126953,38406700
2024-02-26,83.76961517333984,27855000
2024-02-27,83.17887878417969,30242000
2024-02-28,83.70697784423828,34574200
2024-02-29,84.2977294921875,51038600
2024-03-01,84.82296752929688,45832800
2024-03-04,84.48177337646484,23864200
2024-03-05,85.6849365234375,37721900
2024-03-06,86.187744140625,40571600
2024-03-07,86.10696411132812,39075000
2024-03-08,85.95431518554688,25023200
2024-03-11,85.9094009399414,17787900
2024-03-12,85.19110107421875,29566000
2024-03-13,84.7780532836914,38270100
2024-03-14,83.47614288330078,58365600
2024-03-15,83.44923400878906,34997700
2024-03-18,83.19781494140625,29519500
2024-03-19,83.43125915527344,26953100
2024-03-20,83.40432739257812,43460100
2024-03-21,83.58389282226562,34276600
2024-03-22,84.38301086425781,30262300
2024-03-25,83.9610366821289,24011800
2024-03-26,84.19447326660156,34423000
2024-03-27,85.02947998046875,50157800
2024-03-28,84.95763397216797,34540400
2024-04-01,83.37397003173828,48945400
2024-04-02,82.91452026367188,43086300
2024-04-03,82.89649963378906,45494400
2024-04-04,83.49108123779297,47957400
2024-04-05,82.32894897460938,42495900
2024-04-08,82.31995391845703,37879800
2024-04-09,83.085693359375,32522000
2024-04-10,81.27495574951172,74368900
2024-04-11,80.9056167602539,65751200
2024-04-12,81.33802795410156,47900100
2024-04-15,80.07683563232422,55993100
2024-04-16,79.54534149169922,45103200
2024-04-17,80.42816162109375,57947000
2024-04-18,80.02277374267578,43839500
2024-04-19,80.31105041503906,44826800
2024-04-22,80.1759262084961,24969000
2024-04-23,80.20295715332031,27222700
2024-04-24,79.63542938232422,48986800
2024-04-25,79.07689666748047,49282600
2024-04-26,79.49130249023438,31589800
2024-04-29,80.15792083740234,39228600
2024-04-30,79.47328186035156,41054700
2024-05-01,80.0590591430664,59679500
2024-05-02,80.40259552001953,58925400
2024-05-03,81.21620178222656,50066100
2024-05-06,81.5325927734375,23868200
2024-05-07,82.02979278564453,30525800
2024-05-08,81.5325927734375,31171700
2024-05-09,81.93035888671875,39606700
2024-05-10,81.46929931640625,21913800
2024-05-13,81.67723846435547,23157500
2024-05-14,82.13827514648438,25746400
2024-05-15,83.25924682617188,65142900
2024-05-16,83.17790985107422,37902400
2024-05-17,82.61741638183594,24755000
2024-05-20,82.37333679199219,17922800
2024-05-21,82.79820251464844,15334400
2024-05-22,82.89764404296875,38073700
2024-05-23,82.3642807006836,51294700
2024-05-24,82.60836791992188,19164400
2024-05-28,81.42410278320312,45973700
2024-05-29,80.43876647949219,45508400
2024-05-30,81.21620178222656,29548600
2024-05-31,81.76763916015625,41308800
2024-06-03,83.09017944335938,42272100
2024-06-04,84.06078338623047,42581500
2024-06-05,84.67760467529297,43153900
2024-06-06,84.55059814453125,22891900
2024-06-07,82.99946594238281,35240500
2024-06-10,82.44615936279297,20586500
2024-06-11,83.29881286621094,30329200
2024-06-12,83.92471313476562,42554600
2024-06-13,85.15838623046875,33093800
2024-06-14,85.8749771118164,28776700
2024-06-17,85.02230834960938,31040200
2024-06-18,85.80241394042969,26881000
2024-06-20,85.23095703125,30246300
2024-06-21,85.23095703125,22596400
2024-06-24,85.57561492919922,56939100
2024-06-25,85.72078704833984,22890200
2024-06-26,84.49620056152344,38489100
2024-06-27,84.8318099975586,23140800
2024-06-28,83.25346374511719,55119600
2024-07-01,81.81661224365234,49735400
2024-07-02,82.4535903930664,34204700
2024-07-03,83.53646850585938,35563300
2024-07-05,84.2280502319336,34895500
2024-07-08,84.4100341796875,16095700
2024-07-09,84.0369644165039,30289800
2024-07-10,84.30084228515625,23572500
2024-07-11,85.11983489990234,49761800
2024-07-12,85.48384857177734,27796500
2024-07-15,84.5010757446289,37918900
2024-07-16,85.69313049316406,36383700
2024-07-17,85.71133422851562,29036800
2024-07-18,85.05613708496094,34553100
2024-07-19,84.55565643310547,32164700
2024-07-22,84.3099594116211,36160400
2024-07-23,84.191650390625,23498000
2024-07-24,83.28166961669922,50757100
2024-07-25,83.96416473388672,44999100
2024-07-26,84.61933135986328,34423800
2024-07-29,85.0743408203125,25801300
2024-07-30,85.40193939208984,28169800
2024-07-31,86.27552032470703,47445300
2024-08-01,87.01960754394531,77254200
2024-08-02,89.73130798339844,91912900
2024-08-05,90.20604705810547,90686300
2024-08-06,88.18827819824219,61316900
2024-08-07,87.56744384765625,51337100
2024-08-08,87.02874755859375,37815800
2024-08-09,87.88700103759766,32141800
2024-08-12,88.20653533935547,24261400
2024-08-13,88.81826782226562,30366900
2024-08-14,89.37522888183594,31334100
2024-08-15,88.6539306640625,38723700
2024-08-16,88.96434783935547,28541000
2024-08-19,89.37522888183594,25322100
2024-08-20,90.08734893798828,25239300
2024-08-21,90.14213562011719,29230000
2024-08-22,89.24738311767578,33453800
2024-08-23,89.83171844482422,32005100
2024-08-26,89.60346984863281,23198700
2024-08-27,89.44824981689453,21507700
2024-08-28,89.33869171142578,18501400
2024-08-29,89.04653930664062,24988200
2024-08-30,88.09699249267578,42896200
2024-09-03,89.53783416748047,48947900
2024-09-04,90.6919937133789,40885200
2024-09-05,91.2049331665039,47450900
2024-09-06,91.19577026367188,57406400
2024-09-09,91.58963775634766,26961400
2024-09-10,92.2308349609375,31703400
2024-09-11,92.15757751464844,39497100
2024-09-12,91.72706604003906,41618700
2024-09-13,91.97438049316406,25722100
2024-09-16,92.81707763671875,30866300
2024-09-17,92.36822509765625,31699400
2024-09-18,91.2232666015625,48897000
2024-09-19,90.92098236083984,39979800
2024-09-20,90.5728988647461,37067600
2024-09-23,90.38052368164062,35703900
2024-09-24,90.36222076416016,31005400
2024-09-25,89.6111068725586,36738200
2024-09-26,89.82178497314453,33332300
2024-09-27,90.28892517089844,28317600
2024-09-30,89.85843658447266,34175500
2024-10-01,90.50723266601562,45254200
2024-10-02,89.7445068359375,35810800
2024-10-03,88.89903259277344,39677800
2024-10-04,87.80551147460938,56954100
2024-10-07,87.14386749267578,42606600
2024-10-08,87.29088592529297,33709600
2024-10-09,86.7946548461914,35807700
2024-10-10,86.45463562011719,53667400
2024-10-11,86.1054458618164,27406400
2024-10-14,86.16979217529297,28795300
2024-10-15,87.21739196777344,46429100
2024-10-16,87.5849380493164,32281500
2024-10-17,86.19734954833984,43427200
2024-10-18,86.26168060302734,25258600
2024-10-21,84.75458526611328,49504700
2024-10-22,84.83731079101562,32096900
2024-10-23,84.60753631591797,33354200
2024-10-24,85.14974212646484,32507400
2024-10-25,84.67188262939453,28667100
2024-10-28,84.44215393066406,33156500
2024-10-29,84.57080841064453,46545200
2024-10-30,84.81892395019531,41951100
2024-10-31,84.9567642211914,52173800
2024-11-01,83.75901794433594,80402000
2024-11-04,85.0591049194336,49747600
2024-11-05,85.51091003417969,46986000
2024-11-06,83.16890716552734,98895700
2024-11-07,84.2108154296875,56221400
2024-11-08,85.28042602539062,56756200
2024-11-11,84.865478515625,22369200
2024-11-12,83.59303283691406,57908400
2024-11-13,82.80008697509766,49009100
2024-11-14,83.27954864501953,53328300
2024-11-15,83.05826568603516,73722400
2024-11-18,83.20578002929688,36010600
2024-11-19,83.62992858886719,29585100
2024-11-20,83.36255645751953,27755400
2024-11-21,83.2979965209961,28365700
2024-11-22,83.34410095214844,21547500
2024-11-25,85.50170135498047,56858000
2024-11-26,85.16975402832031,31122200
2024-11-27,85.75987243652344,39442200
2024-11-29,86.64505004882812,31905700
2024-12-02,86.85324096679688,39406000
2024-12-03,86.10377502441406,32768900
2024-12-04,87.02900695800781,35851100
2024-12-05,87.2048110961914,23695800
2024-12-06,87.33435821533203,31761500
2024-12-09,86.52937316894531,30509600
2024-12-10,86.12225341796875,28706500
2024-12-11,85.30805206298828,38748400
2024-12-12,84.27177429199219,45368400
2024-12-13,83.41131591796875,39486000
2024-12-16,83.66109466552734,23482300
2024-12-17,83.86465454101562,23839900
2024-12-18,82.81599426269531,61328400
2024-12-19,81.56204223632812,99083300
2024-12-20,82.02645874023438,45542400
2024-12-23,81.27410888671875,32764600
2024-12-24,81.61778259277344,22377600
2024-12-26,81.5713119506836,19981800
2024-12-27,80.90254974365234,27262300
2024-12-30,81.5527572631836,48519600
2024-12-31,81.11618041992188,31917300
