date,Close,Volume
2010-01-04,84.57848358154297,118944600
2010-01-05,84.80237579345703,111579900
2010-01-06,84.862060546875,116074400
2010-01-07,85.22030639648438,131091100
2010-01-08,85.50389099121094,126402800
2010-01-11,85.6233139038086,106375700
2010-01-12,84.82476806640625,163333500
2010-01-13,85.54120635986328,161822000
2010-01-14,85.77259063720703,115718800
2010-01-15,84.80984497070312,212283100
2010-01-19,85.86959075927734,139172700
2010-01-20,84.99642181396484,216490200
2010-01-21,83.36201477050781,344859600
2010-01-22,81.50372314453125,345942400
2010-01-25,81.92164611816406,186937500
2010-01-26,81.57833099365234,211168800
2010-01-27,81.96644592285156,271863600
2010-01-28,81.02606201171875,316104000
2010-01-29,80.14542388916016,310677600
2010-02-01,81.39180755615234,187865000
2010-02-02,82.37689971923828,216327900
2010-02-03,81.96644592285156,172730700
2010-02-04,79.43644714355469,356715700
2010-02-05,79.60063171386719,493585800
2010-02-08,79.02598571777344,224166900
2010-02-09,80.01856994628906,337820500
2010-02-10,79.86185455322266,240511500
2010-02-11,80.69769287109375,223591600
2010-02-12,80.63053131103516,304622100
2010-02-16,81.89923858642578,159317500
2010-02-17,82.28730010986328,168845100
2010-02-18,82.77240753173828,193708600
2010-02-19,82.94410705566406,222684900
2010-02-22,82.95901489257812,132346900
2010-02-23,81.95149993896484,207497000
2010-02-24,82.7052230834961,176350700
2010-02-25,82.59330749511719,259634700
2010-02-26,82.64555358886719,173589300
2010-03-01,83.50379943847656,147709700
2010-03-02,83.73515319824219,160992400
2010-03-03,83.80979919433594,150785000
2010-03-04,84.06352233886719,135770400
2010-03-05,85.26506805419922,176118800
2010-03-08,85.2800064086914,114631200
2010-03-09,85.42179870605469,154556700
2010-03-10,85.80245208740234,186088800
2010-03-11,86.16065979003906,160791100
2010-03-12,86.1680908203125,162074800
2010-03-15,86.19051361083984,146816800
2010-03-16,86.8770980834961,168673000
2010-03-17,87.39203643798828,177468100
2010-03-18,87.34725952148438,196509100
2010-03-19,86.9051284790039,226641100
2010-03-22,87.3697280883789,184477800
2010-03-23,87.98423767089844,182941600
2010-03-24,87.55707550048828,196072600
2010-03-25,87.41472625732422,223396300
2010-03-26,87.36227416992188,205808500
2010-03-29,87.91675567626953,134513500
2010-03-30,87.97676086425781,145772500
2010-03-31,87.677001953125,161078700
2010-04-01,88.27648162841797,161215200
2010-04-05,88.99585723876953,105847600
2010-04-06,89.20570373535156,110384200
2010-04-07,88.69613647460938,184576300
2010-04-08,89.00336456298828,158704000
2010-04-09,89.587890625,133006500
2010-04-12,89.73028564453125,110279000
2010-04-13,89.7977066040039,125043600
2010-04-14,90.8168716430664,161609000
2010-04-15,90.89180755615234,144615300
2010-04-16,89.44551849365234,366786700
2010-04-19,89.78274536132812,217947800
2010-04-20,90.58455657958984,157708000
2010-04-21,90.4197006225586,192910100
2010-04-22,90.68946838378906,115360300
2010-04-23,91.281494140625,177335500
2010-04-26,90.93678283691406,143457300
2010-04-27,88.78605651855469,355853300
2010-04-28,89.46050262451172,300674100
2010-04-29,90.569580078125,193775000
2010-04-30,89.03337097167969,270000900
2010-05-03,90.18739318847656,182747900
2010-05-04,88.06665802001953,360353400
2010-05-05,87.54209899902344,328973200
2010-05-06,84.6345443725586,647356600
2010-05-07,83.37557983398438,637558800
2010-05-10,87.04750061035156,396159600
2010-05-11,86.80022430419922,317849800
2010-05-12,88.01419830322266,235607100
2010-05-13,86.92012023925781,234452500
2010-05-14,85.346435546875,345601400
2010-05-17,85.39139556884766,325739800
2010-05-18,84.22985076904297,360556800
2010-05-19,83.75025177001953,394742700
2010-05-20,80.58787536621094,530418300
2010-05-21,81.76441192626953,500909400
2010-05-24,80.71530151367188,269823000
2010-05-25,80.79772186279297,396505200
2010-05-26,80.31063079833984,349719300
2010-05-27,83.00086212158203,300870500
2010-05-28,81.9592514038086,297933500
2010-06-01,80.58036804199219,277909400
2010-06-02,82.67861938476562,240243700
2010-06-03,82.9634017944336,226618300
2010-06-04,80.04833984375,398475600
2010-06-07,79.05167388916016,264609100
2010-06-08,79.89844512939453,357774300
2010-06-09,79.47132873535156,268023300
2010-06-10,81.79438781738281,317890600
2010-06-11,82.19155883789062,214128200
2010-06-14,82.06417846679688,207196100
2010-06-15,83.93012237548828,238268700
2010-06-16,83.90013122558594,216374000
2010-06-17,84.03501892089844,263185800
2010-06-18,84.1261215209961,174006600
2010-06-21,83.88520812988281,213140700
2010-06-22,82.49978637695312,239355400
2010-06-23,82.2437973022461,254639900
2010-06-24,80.8809585571289,268523600
2010-06-25,81.21977996826172,238726500
2010-06-28,80.9637451171875,169218600
2010-06-29,78.46403503417969,373649500
2010-06-30,77.7186050415039,284101700
2010-07-01,77.37223815917969,382924800
2010-07-02,76.95056915283203,233385200
2010-07-06,77.455078125,256935300
2010-07-07,79.89459991455078,253769400
2010-07-08,80.68521118164062,210842100
2010-07-09,81.28755950927734,144999900
2010-07-12,81.34025573730469,131283600
2010-07-13,82.5675277709961,213025900
2010-07-14,82.56000518798828,184426800
2010-07-15,82.58259582519531,232337900
2010-07-16,80.30870056152344,282693400
2010-07-19,80.78311157226562,186709000
2010-07-20,81.67906188964844,258162400
2010-07-21,80.61742401123047,264527000
2010-07-22,82.41698455810547,274781300
2010-07-23,83.13225555419922,222020800
2010-07-26,83.99810791015625,184445700
2010-07-27,83.99060821533203,204855600
2010-07-28,83.44850158691406,163056200
2010-07-29,83.04190826416016,220149100
2010-07-30,83.02678680419922,220070600
2010-08-02,84.90165710449219,188263200
2010-08-03,84.49506378173828,146657300
2010-08-04,85.05977630615234,158171700
2010-08-05,84.96939849853516,140473800
2010-08-06,84.6230697631836,239728300
2010-08-09,85.07482147216797,120800400
2010-08-10,84.61554718017578,242916300
2010-08-11,82.29650115966797,273406900
2010-08-12,81.79200744628906,239542600
2010-08-13,81.55107116699219,158698500
2010-08-16,81.51341247558594,147895300
2010-08-17,82.51483917236328,172270300
2010-08-18,82.6654281616211,182922100
2010-08-19,81.227294921875,265847600
2010-08-20,80.9637451171875,209714200
2010-08-23,80.65507507324219,163490300
2010-08-24,79.4579086303711,280677800
2010-08-25,79.76658630371094,272234800
2010-08-26,79.23201751708984,224439500
2010-08-27,80.45932006835938,272649000
2010-08-30,79.29222869873047,167238600
2010-08-31,79.29222869873047,273933100
2010-09-01,81.66400909423828,256828100
2010-09-02,82.42449188232422,156112200
2010-09-03,83.49364471435547,212197300
2010-09-07,82.55247497558594,141973700
2010-09-08,83.13225555419922,149924400
2010-09-09,83.51625061035156,147017900
2010-09-10,83.93789672851562,127819000
2010-09-13,84.8715591430664,178503500
2010-09-14,84.81884002685547,209823600
2010-09-15,85.1426010131836,168608400
2010-09-16,85.12002563476562,199962900
2010-09-17,85.15180969238281,195836900
2010-09-20,86.45379638671875,214555200
2010-09-21,86.27969360351562,268389100
2010-09-22,85.85575866699219,191322400
2010-09-23,85.15935516357422,202354300
2010-09-24,86.91555786132812,209671800
2010-09-27,86.49921417236328,128761800
2010-09-28,86.80199432373047,209207500
2010-09-29,86.6506118774414,179665800
2010-09-30,86.39322662353516,287106700
2010-10-01,86.75659942626953,174638700
2010-10-04,86.10559844970703,166153200
2010-10-05,87.83904266357422,229634100
2010-10-06,87.83148956298828,148626600
2010-10-07,87.72550201416016,164860000
2010-10-08,88.21753692626953,177760100
2010-10-11,88.30081176757812,103098300
2010-10-12,88.57333374023438,182210000
2010-10-13,89.26217651367188,194347200
2010-10-14,88.91397857666016,217764300
2010-10-15,89.09564208984375,243705000
2010-10-18,89.53468322753906,141204800
2010-10-19,88.36135864257812,280604700
2010-10-20,89.22428131103516,200051800
2010-10-21,89.421142578125,221585500
2010-10-22,89.58767700195312,108212400
2010-10-25,89.85261535644531,151145700
2010-10-26,89.86774444580078,158982900
2010-10-27,89.61036682128906,190024000
2010-10-28,89.62548828125,168576000
2010-10-29,89.6936264038086,144305500
2010-11-01,89.72390747070312,174074800
2010-11-02,90.43549346923828,158345900
2010-11-03,90.7988052368164,226702800
2010-11-04,92.54741668701172,215039400
2010-11-05,92.89563751220703,180654100
2010-11-08,92.72154998779297,156107100
2010-11-09,92.05538940429688,186621600
2010-11-10,92.42631530761719,221387400
2010-11-11,92.0781021118164,158017600
2010-11-12,90.98807525634766,239068800
2010-11-15,90.859375,163940800
2010-11-16,89.44383239746094,299566200
2010-11-17,89.48926544189453,172308900
2010-11-18,90.806396484375,197723700
2010-11-19,91.05620574951172,156852900
2010-11-22,90.98051452636719,181361000
2010-11-23,89.6633529663086,222309000
2010-11-24,90.98807525634766,140046100
2010-11-26,89.92829895019531,76007800
2010-11-29,90.20082092285156,223642300
2010-11-30,89.6936264038086,233930700
2010-12-01,91.60121154785156,221037200
2010-12-02,92.77449798583984,191213600
2010-12-03,93.0242919921875,151288900
2010-12-06,92.92591857910156,103050500
2010-12-07,92.9788818359375,206581000
2010-12-08,93.3195571899414,138019200
2010-12-09,93.68289184570312,123705100
2010-12-10,94.22786712646484,117571700
2010-12-13,94.2884521484375,133812700
2010-12-14,94.3717041015625,147249600
2010-12-15,93.94024658203125,160823100
2010-12-16,94.48527526855469,185035200
2010-12-17,94.58650207519531,141075300
2010-12-20,94.81477355957031,119085500
2010-12-21,95.4159164428711,94965500
2010-12-22,95.71266174316406,78878100
2010-12-23,95.57572937011719,70053700
2010-12-27,95.6137466430664,58126000
2010-12-28,95.75072479248047,55309100
2010-12-29,95.81924438476562,58033100
2010-12-30,95.66706085205078,76616900
2010-12-31,95.68985748291016,91218900
2011-01-03,96.67911529541016,138725200
2011-01-04,96.62584686279297,137409700
2011-01-05,97.12805938720703,133975300
2011-01-06,96.93780517578125,122519000
2011-01-07,96.74755859375,156034600
2011-01-10,96.62584686279297,122401700
2011-01-11,96.96826934814453,110287000
2011-01-12,97.84337615966797,107929200
2011-01-13,97.68354797363281,129048400
2011-01-14,98.39125061035156,117677900
2011-01-18,98.55866241455078,114401300
2011-01-19,97.59223175048828,151958400
2011-01-20,97.46288299560547,175745700
2011-01-21,97.68354797363281,151462900
2011-01-24,98.23907470703125,113715500
2011-01-25,98.29231262207031,167552200
2011-01-26,98.67280578613281,141281500
2011-01-27,98.91629028320312,123302700
2011-01-28,97.18891906738281,295637300
2011-01-31,97.91944885253906,149249200
2011-02-01,99.48703002929688,167194300
2011-02-02,99.29678344726562,118323600
2011-02-03,99.51744079589844,145886700
2011-02-04,99.79898834228516,134634800
2011-02-07,100.4229965209961,112439100
2011-02-08,100.87954711914062,99072800
2011-02-09,100.6512680053711,146436700
2011-02-10,100.6893310546875,162708500
2011-02-11,101.29045867919922,137710300
2011-02-14,101.53397369384766,101690700
2011-02-15,101.21438598632812,119575400
2011-02-16,101.8536376953125,130183500
2011-02-17,102.1579818725586,109810500
2011-02-18,102.37102508544922,130002400
2011-02-22,100.31646728515625,233116400
2011-02-23,99.7000961303711,227584000
2011-02-24,99.631591796875,260431400
2011-02-25,100.69696044921875,141686900
2011-02-28,101.32091522216797,141585500
2011-03-01,99.631591796875,258565500
2011-03-02,99.84465026855469,200277400
2011-03-03,101.56443786621094,176480100
2011-03-04,100.80343627929688,277202300
2011-03-07,100.01206970214844,216790400
2011-03-08,100.88717651367188,174615000
2011-03-09,100.74256896972656,153806000
2011-03-10,98.87825775146484,301291800
2011-03-11,99.5631332397461,225621800
2011-03-14,98.96194458007812,234974100
2011-03-15,97.828125,359585400
2011-03-16,96.01708221435547,468670300
2011-03-17,97.287841796875,254303700
2011-03-18,97.6417007446289,230435400
2011-03-21,99.15496063232422,153992600
2011-03-22,98.81102752685547,129538600
2011-03-23,99.09378051757812,148603100
2011-03-24,100.04145812988281,159129800
2011-03-25,100.34719848632812,155642800
2011-03-28,100.10262298583984,109762400
2011-03-29,100.77519226074219,129798800
2011-03-30,101.47064971923828,135835000
2011-03-31,101.3331298828125,132537100
2011-04-01,101.76107025146484,153850100
2011-04-04,101.84514617919922,100768900
2011-04-05,101.82987976074219,120791500
2011-04-06,102.15089416503906,120411600
2011-04-07,101.89099884033203,170731500
2011-04-08,101.53943634033203,147945400
2011-04-11,101.23372650146484,121385400
2011-04-12,100.47713470458984,161187400
2011-04-13,100.46947479248047,162059000
2011-04-14,100.54588317871094,161220400
2011-04-15,100.91275787353516,170006700
2011-04-18,99.78164672851562,210759300
2011-04-19,100.35482025146484,124258800
2011-04-20,101.72285461425781,156133800
2011-04-21,102.24258422851562,135935400
2011-04-25,102.13555145263672,65757100
2011-04-26,103.01444244384766,146600000
2011-04-27,103.68699645996094,143031000
2011-04-28,104.0232925415039,124791100
2011-04-29,104.26783752441406,115094100
2011-05-02,104.10733032226562,126278700
2011-05-03,103.7328872680664,138375000
2011-05-04,103.0450439453125,182678500
2011-05-05,102.1126480102539,226900000
2011-05-06,102.56353759765625,222787200
2011-05-09,102.96095275878906,114104500
2011-05-10,103.8398666381836,114806900
2011-05-11,102.74699401855469,193564200
2011-05-12,103.23609161376953,171550700
2011-05-13,102.44124603271484,157444900
2011-05-16,101.79164123535156,141675400
2011-05-17,101.77635955810547,192686200
2011-05-18,102.68585205078125,135217900
2011-05-19,102.93038940429688,119489500
2011-05-20,102.1126480102539,182594900
2011-05-23,100.92803955078125,168700000
2011-05-24,100.84393310546875,147199600
2011-05-25,101.18022918701172,151050100
2011-05-26,101.646484375,164850000
2011-05-27,102.03619384765625,120921900
2011-05-31,103.09850311279297,164731200
2011-06-01,100.78279113769531,233094300
2011-06-02,100.67581176757812,200466800
2011-06-03,99.6746597290039,234690200
2011-06-06,98.61998748779297,179951200
2011-06-07,98.5588150024414,161660500
2011-06-08,98.14611053466797,198696400
2011-06-09,98.89510345458984,160964400
2011-06-10,97.51944732666016,238629400
2011-06-13,97.59587860107422,207599800
2011-06-14,98.8339614868164,160570400
2011-06-15,97.07614135742188,300958000
2011-06-16,97.2901840209961,308032800
2011-06-17,97.58049011230469,233284900
2011-06-20,98.0797119140625,159479000
2011-06-21,99.4238052368164,193157300
2011-06-22,98.82472229003906,176703000
2011-06-23,98.5405502319336,334286500
2011-06-24,97.39616394042969,226129300
2011-06-27,98.26403045654297,168904700
2011-06-28,99.54669189453125,165556300
2011-06-29,100.39920806884766,244295500
2011-06-30,101.3592758178711,223322700
2011-07-01,102.85697937011719,202385700
2011-07-05,102.77249908447266,165936000
2011-07-06,102.89533996582031,143331600
2011-07-07,103.96295166015625,170464200
2011-07-08,103.22565460205078,194100500
2011-07-11,101.3592758178711,195918600
2011-07-12,100.92147827148438,214675700
2011-07-13,101.25941467285156,204062600
2011-07-14,100.56049346923828,226111800
2011-07-15,101.14423370361328,220012800
2011-07-18,100.31475067138672,196872100
2011-07-19,101.94298553466797,166554900
2011-07-20,101.88153076171875,137145400
2011-07-21,103.29476165771484,245246300
2011-07-22,103.36388397216797,126019400
2011-07-25,102.78784942626953,136653800
2011-07-26,102.40382385253906,131278200
2011-07-27,100.30704498291016,249020100
2011-07-28,100.01519012451172,207939900
2011-07-29,99.33163452148438,307038400
2011-08-01,98.90922546386719,325790900
2011-08-02,96.38233947753906,346653800
2011-08-03,96.90460205078125,370830800
2011-08-04,92.36542510986328,520721800
2011-08-05,92.22718811035156,655619200
2011-08-08,86.2210693359375,702263900
2011-08-09,90.23025512695312,717828700
2011-08-10,86.24409484863281,662607400
2011-08-11,90.11505889892578,487979700
2011-08-12,90.72180938720703,313731600
2011-08-15,92.64192199707031,258810600
2011-08-16,91.8508529663086,294095200
2011-08-17,91.91232299804688,238201100
2011-08-18,87.94916534423828,512956300
2011-08-19,86.51290893554688,428281300
2011-08-22,86.58203125,275090600
2011-08-23,89.43151092529297,331136600
2011-08-24,90.69111633300781,246869700
2011-08-25,89.30860137939453,312365400
2011-08-26,90.60658264160156,314495900
2011-08-29,93.21029663085938,190977200
2011-08-30,93.45608520507812,241315700
2011-08-31,93.87080383300781,301828400
2011-09-01,92.8877182006836,254585900
2011-09-02,90.51443481445312,255517200
2011-09-06,89.85391998291016,285130500
2011-09-07,92.38848114013672,209803200
2011-09-08,91.42838287353516,250568200
2011-09-09,89.03209686279297,380195100
2011-09-12,89.6081314086914,305793500
2011-09-13,90.42993927001953,272514700
2011-09-14,91.68187713623047,319389500
2011-09-15,93.26403045654297,326777200
2011-09-16,93.81605529785156,284528300
2011-09-19,92.88190460205078,241517000
2011-09-20,92.77381134033203,218932200
2011-09-21,90.04085540771484,316251300
2011-09-22,87.1303482055664,513911300
2011-09-23,87.65533447265625,307242500
2011-09-26,89.7397689819336,260673700
2011-09-27,90.743408203125,311753900
2011-09-28,88.89055633544922,286696800
2011-09-29,89.59306335449219,298108900
2011-09-30,87.35420989990234,288392300
2011-10-03,84.86832427978516,365136800
2011-10-04,86.72887420654297,459177500
2011-10-05,88.3346939086914,284108000
2011-10-06,89.93276977539062,257800800
2011-10-07,89.33062744140625,312657900
2011-10-10,92.31832122802734,230666300
2011-10-11,92.41094207763672,209088000
2011-10-12,93.22159576416016,281544900
2011-10-13,93.03629302978516,212538800
2011-10-14,94.62664794921875,211397600
2011-10-17,92.82017517089844,202311600
2011-10-18,94.63438415527344,318857900
2011-10-19,93.51495361328125,226601300
2011-10-20,93.92412567138672,262075600
2011-10-21,95.70748138427734,278999400
2011-10-24,96.88099670410156,203215600
2011-10-25,94.99723815917969,268596800
2011-10-26,95.9622802734375,289053800
2011-10-27,99.30513763427734,393220200
2011-10-28,99.2819595336914,225906500
2011-10-31,96.888671875,228146700
2011-11-01,94.1866455078125,416565800
2011-11-02,95.72293090820312,244717600
2011-11-03,97.46769714355469,291174800
2011-11-04,96.87325286865234,249401600
2011-11-07,97.47542572021484,196617200
2011-11-08,98.72611999511719,224426300
2011-11-09,95.08218383789062,337982000
2011-11-10,95.97770690917969,231866500
2011-11-11,97.78424835205078,189924400
2011-11-14,96.8578109741211,159258300
2011-11-15,97.33647155761719,184709400
2011-11-16,95.79244232177734,235782500
2011-11-17,94.27152252197266,331219600
2011-11-18,94.17115020751953,215580400
2011-11-21,92.38007354736328,229611600
2011-11-22,92.01724243164062,216494900
2011-11-23,89.98681640625,224329100
2011-11-25,89.81698608398438,99557000
2011-11-28,92.41867065429688,210686000
2011-11-29,92.6811752319336,199241500
2011-11-30,96.49493408203125,324439500
2011-12-01,96.47950744628906,176954800
2011-12-02,96.39461517333984,221109700
2011-12-05,97.4445571899414,225263900
2011-12-06,97.47542572021484,178842100
2011-12-07,97.83829498291016,237802500
2011-12-08,95.69206237792969,240862800
2011-12-09,97.31328582763672,209111400
2011-12-12,95.8927993774414,215826100
2011-12-13,94.99723815917969,245159800
2011-12-14,93.98590850830078,238618800
2011-12-15,94.3255615234375,199109200
2011-12-16,94.46543884277344,220481400
2011-12-19,93.45542907714844,183903000
2011-12-20,96.28340911865234,225418100
2011-12-21,96.46987915039062,194230900
2011-12-22,97.32447052001953,119465400
2011-12-23,98.19461822509766,92187200
2011-12-27,98.2723388671875,86075700
2011-12-28,96.98262023925781,119107100
2011-12-29,97.98485565185547,123507200
2011-12-30,97.50316619873047,95599000
2012-01-03,99.05701446533203,193697900
2012-01-04,99.21239471435547,127186500
2012-01-05,99.47654724121094,173895000
2012-01-06,99.22012329101562,148050000
2012-01-09,99.4610366821289,99530200
2012-01-10,100.32342529296875,115282000
2012-01-11,100.37776947021484,111540700
2012-01-12,100.6186294555664,118983700
2012-01-13,100.09809112548828,179836200
2012-01-17,100.4865493774414,132209200
2012-01-18,101.59754180908203,163395200
2012-01-19,102.13359832763672,126328900
2012-01-20,102.5142822265625,138230200
2012-01-23,102.2501220703125,129295800
2012-01-24,102.13359832763672,103083300
2012-01-25,102.98822784423828,198613200
2012-01-26,102.45996856689453,184880500
2012-01-27,102.4133071899414,135259100
2012-01-30,102.06368255615234,147311800
2012-01-31,102.02483367919922,157212000
2012-02-01,102.91825866699219,166234500
2012-02-02,103.08142852783203,113090400
2012-02-03,104.52650451660156,160598500
2012-02-06,104.45660400390625,107694500
2012-02-07,104.72071838378906,135528100
2012-02-08,105.031494140625,139361400
2012-02-09,105.16357421875,148602900
2012-02-10,104.38671875,167907500
2012-02-13,105.16357421875,115841900
2012-02-14,105.031494140625,165329500
2012-02-15,104.54203033447266,195195100
2012-02-16,105.69964599609375,186567800
2012-02-17,105.97935485839844,129869400
2012-02-21,106.02593231201172,134042300
2012-02-22,105.6841049194336,124455300
2012-02-23,106.15029907226562,137704300
2012-02-24,106.38333892822266,105539100
2012-02-27,106.5620346069336,145728900
2012-02-28,106.87279510498047,129355900
2012-02-29,106.45325469970703,185934700
2012-03-01,107.00486755371094,145023500
2012-03-02,106.67859649658203,120638300
2012-03-05,106.2435073852539,140765000
2012-03-06,104.68965148925781,202129900
2012-03-07,105.41996002197266,143692200
2012-03-08,106.46880340576172,116968900
2012-03-09,106.8805923461914,122836800
2012-03-12,106.8883285522461,104003500
2012-03-13,108.81513214111328,184090500
2012-03-14,108.69856262207031,145163600
2012-03-15,109.32786560058594,165118500
2012-03-16,109.4792251586914,152893500
2012-03-19,109.90841674804688,125291100
2012-03-20,109.58847045898438,121729700
2012-03-21,109.40899658203125,122388400
2012-03-22,108.62088775634766,135216700
2012-03-23,108.97205352783203,120521000
2012-03-26,110.50148010253906,120164000
2012-03-27,110.15813446044922,119868500
2012-03-28,109.61193084716797,148562100
2012-03-29,109.42459869384766,164963700
2012-03-30,109.87721252441406,135486800
2012-04-02,110.6809310913086,151741100
2012-04-03,110.2283935546875,155806700
2012-04-04,109.13597106933594,146896000
2012-04-05,109.08129119873047,137439400
2012-04-09,107.85615539550781,127555900
2012-04-10,106.04582977294922,235360300
2012-04-11,106.90419006347656,154133000
2012-04-12,108.30097198486328,154321500
2012-04-13,107.01344299316406,169246700
2012-04-16,106.9432144165039,147825300
2012-04-17,108.52727508544922,147877600
2012-04-18,108.16049194335938,123884200
2012-04-19,107.46598052978516,198666700
2012-04-20,107.64546203613281,143199600
2012-04-23,106.74032592773438,171844900
2012-04-24,107.14611053466797,137484200
2012-04-25,108.61308288574219,150252200
2012-04-26,109.3699722290039,136291600
2012-04-27,109.54948425292969,130725000
2012-04-30,109.14369201660156,115092200
2012-05-01,109.8226089477539,138832200
2012-05-02,109.49484252929688,121081000
2012-05-03,108.65985107421875,143759700
2012-05-04,106.90419006347656,193927300
2012-05-07,106.9822006225586,127765900
2012-05-08,106.55302429199219,213377700
2012-05-09,105.92098236083984,220752500
2012-05-10,106.13948822021484,150600000
2012-05-11,105.81954956054688,153032400
2012-05-14,104.64906311035156,163910000
2012-05-15,104.04817199707031,207629300
2012-05-16,103.65025329589844,207265500
2012-05-17,102.11299133300781,247992900
2012-05-18,101.23904418945312,319615900
2012-05-21,102.97917175292969,177861100
2012-05-22,103.15863037109375,197531200
2012-05-23,103.2132339477539,204958400
2012-05-24,103.4161376953125,167357600
2012-05-25,103.0805892944336,135465600
2012-05-29,104.32913208007812,152883500
2012-05-30,102.8152847290039,162370400
2012-05-31,102.5890121459961,196186000
2012-06-01,100.00613403320312,253240900
2012-06-04,99.95931243896484,202545800
2012-06-05,100.71622467041016,164149400
2012-06-06,102.97917175292969,184202800
2012-06-07,103.04155731201172,184772700
2012-06-08,103.8609390258789,143915400
2012-06-11,102.54216003417969,169756100
2012-06-12,103.72046661376953,181931800
2012-06-13,103.05719757080078,172223900
2012-06-14,104.14964294433594,230615500
2012-06-15,105.21480560302734,169444500
2012-06-18,105.41875457763672,131360900
2012-06-19,106.43839263916016,137382600
2012-06-20,106.265869140625,206451800
2012-06-21,103.88141632080078,205272200
2012-06-22,104.68146514892578,130029200
2012-06-25,103.00292205810547,146375700
2012-06-26,103.52059173583984,141634000
2012-06-27,104.4540023803711,108088000
2012-06-28,104.1559066772461,169242100
2012-06-29,106.75214385986328,212250900
2012-07-02,107.07376098632812,129524500
2012-07-03,107.77969360351562,80450000
2012-07-05,107.29338073730469,126177500
2012-07-06,106.27373504638672,151192100
2012-07-09,106.14037322998047,103780500
2012-07-10,105.21480560302734,167884800
2012-07-11,105.23049926757812,141733400
2012-07-12,104.72065734863281,143583200
2012-07-13,106.47764587402344,129642600
2012-07-16,106.22665405273438,97525200
2012-07-17,106.95611572265625,138860300
2012-07-18,107.74830627441406,113349700
2012-07-19,108.03067779541016,129847300
2012-07-20,107.04237365722656,142904500
2012-07-23,105.95997619628906,145210900
2012-07-24,105.05013275146484,173301200
2012-07-25,105.07364654541016,129122300
2012-07-26,106.80707550048828,156526500
2012-07-27,108.7758560180664,236768900
2012-07-30,108.7758560180664,106782000
2012-07-31,108.01502227783203,120575900
2012-08-01,107.92085266113281,138293800
2012-08-02,107.17574310302734,199556600
2012-08-03,109.3013687133789,157825000
2012-08-06,109.51312255859375,86326200
2012-08-07,110.06217193603516,109545100
2012-08-08,110.19552612304688,89754700
2012-08-09,110.2896499633789,90291700
2012-08-10,110.4700698852539,99792700
2012-08-13,110.4151611328125,79426900
2012-08-14,110.43084716796875,102379400
2012-08-15,110.55632781982422,71085900
2012-08-16,111.3720932006836,112014200
2012-08-17,111.52111053466797,90813700
2012-08-20,111.52896118164062,78255700
2012-08-21,111.19165802001953,105581100
2012-08-22,111.2387466430664,133243500
2012-08-23,110.32881927490234,111466400
2012-08-24,110.99557495117188,99481200
2012-08-27,111.01909637451172,68785900
2012-08-28,110.9093017578125,75689600
2012-08-29,110.99557495117188,65421300
2012-08-30,110.19552612304688,96589900
2012-08-31,110.72106170654297,151970400
2012-09-04,110.619140625,120226200
2012-09-05,110.52496337890625,100660300
2012-09-06,112.76821899414062,158272500
2012-09-07,113.20751190185547,107272100
2012-09-10,112.56430053710938,86458500
2012-09-11,112.87804412841797,88760000
2012-09-12,113.25458526611328,87640900
2012-09-13,114.98020935058594,225470200
2012-09-14,115.48998260498047,169777000
2012-09-17,115.09784698486328,119427800
2012-09-18,115.00370025634766,98326600
2012-09-19,115.06640625,128318300
2012-09-20,115.07426452636719,154009800
2012-09-21,115.02619934082031,108737500
2012-09-24,114.85269165039062,95682000
2012-09-25,113.63043212890625,133165200
2012-09-26,112.99171447753906,146502200
2012-09-27,114.05628204345703,111830300
2012-09-28,113.52790069580078,150696100
2012-10-01,113.82759857177734,135911200
2012-10-02,113.94587707519531,113422200
2012-10-03,114.41109466552734,121283100
2012-10-04,115.23117065429688,124311600
2012-10-05,115.23909759521484,124842100
2012-10-08,114.84481048583984,78415400
2012-10-09,113.70931243896484,148872900
2012-10-10,112.98387908935547,124247500
2012-10-11,113.04692077636719,123601500
2012-10-12,112.67630004882812,124181900
2012-10-15,113.61470031738281,107689100
2012-10-16,114.76598358154297,108815500
2012-10-17,115.28642272949219,128834100
2012-10-18,114.98683166503906,148108500
2012-10-19,113.070556640625,185645200
2012-10-22,113.08637237548828,125578600
2012-10-23,111.51715087890625,192056300
2012-10-24,111.20169830322266,120179400
2012-10-25,111.52499389648438,134457400
2012-10-26,111.46190643310547,146023500
2012-10-31,111.46190643310547,103438500
2012-11-01,112.62897491455078,100995600
2012-11-02,111.62754821777344,137702200
2012-11-05,111.85620880126953,98378500
2012-11-06,112.73152923583984,107068100
2012-11-07,110.17658233642578,264304500
2012-11-08,108.85186767578125,181517300
2012-11-09,108.9464340209961,201055300
2012-11-12,109.03321075439453,97677500
2012-11-13,108.6546630859375,123018300
2012-11-14,107.18799591064453,191505000
2012-11-15,107.00660705566406,178128400
2012-11-16,107.5349349975586,239483900
2012-11-19,109.71134185791016,151495800
2012-11-20,109.75865936279297,119807400
2012-11-21,109.96369934082031,81710800
2012-11-23,111.46190643310547,65409200
2012-11-26,111.22535705566406,100124400
2012-11-27,110.6575698852539,128646200
2012-11-28,111.54867553710938,177086500
2012-11-29,112.06910705566406,151085900
2012-11-30,112.09275817871094,136568300
2012-12-03,111.54081726074219,124656300
2012-12-04,111.383056640625,127512200
2012-12-05,111.58018493652344,147300500
2012-12-06,111.95868682861328,103220600
2012-12-07,112.29779815673828,108726400
2012-12-10,112.3451156616211,98840700
2012-12-11,113.11001586914062,152570400
2012-12-12,113.16521453857422,145880100
2012-12-13,112.4712905883789,135715000
2012-12-14,112.05335235595703,137701700
2012-12-17,113.37020874023438,143238200
2012-12-18,114.63188934326172,177762800
2012-12-19,113.78031921386719,150895400
2012-12-20,114.43476104736328,168487000
2012-12-21,113.39604187011719,245883800
2012-12-24,113.0466079711914,53874600
2012-12-26,112.57013702392578,106947700
2012-12-27,112.41923522949219,167920600
2012-12-28,111.20419311523438,148806700
2012-12-31,113.0942611694336,243935200
2013-01-02,115.99291229248047,192059000
2013-01-03,115.73080444335938,144761800
2013-01-04,116.23908996582031,116817700
2013-01-07,115.92141723632812,110002500
2013-01-08,115.58786010742188,121265100
2013-01-09,115.88172149658203,90745600
2013-01-10,116.80289459228516,130735400
2013-01-11,116.79500579833984,113917300
2013-01-14,116.71556854248047,89567200
2013-01-15,116.79500579833984,93172600
2013-01-16,116.77909088134766,104849500
2013-01-17,117.53353118896484,133833500
2013-01-18,117.79558563232422,169906000
2013-01-22,118.43091583251953,111797300
2013-01-23,118.6214599609375,104596100
2013-01-24,118.65328979492188,146426400
2013-01-25,119.32040405273438,147211600
2013-01-28,119.17742156982422,113357700
2013-01-29,119.6459732055664,105694400
2013-01-30,119.17742156982422,137447700
2013-01-31,118.88357543945312,108975800
2013-02-01,120.10655975341797,131173000
2013-02-04,118.75650787353516,159073600
2013-02-05,119.95569610595703,113912400
2013-02-06,120.04303741455078,138762800
2013-02-07,119.8841552734375,162490000
2013-02-08,120.55130767822266,103133700
2013-02-11,120.52747344970703,73775000
2013-02-12,120.72599029541016,65392700
2013-02-13,120.82923889160156,82322600
2013-02-14,120.94039916992188,80834300
2013-02-15,120.79747009277344,215226500
2013-02-19,121.70282745361328,95105400
2013-02-20,120.18597412109375,160574800
2013-02-21,119.45533752441406,183257000
2013-02-22,120.62274169921875,106356600
2013-02-25,118.32769775390625,245824800
2013-02-26,119.13776397705078,186596200
2013-02-27,120.63864135742188,150781900
2013-02-28,120.40039825439453,126866000
2013-03-01,120.79747009277344,170634800
2013-03-04,121.44070434570312,99010200
2013-03-05,122.52869415283203,121431900
2013-03-06,122.69549560546875,94469900
2013-03-07,122.9178466796875,86101400
2013-03-08,123.44197082519531,123477800
2013-03-11,123.91056060791016,83746800
2013-03-12,123.63255310058594,105755800
2013-03-13,123.80726623535156,92550900
2013-03-14,124.46641540527344,126329900
2013-03-15,124.30205535888672,138601100
2013-03-18,123.61610412597656,126704300
2013-03-19,123.32894134521484,167567300
2013-03-20,124.1904067993164,113759300
2013-03-21,123.1294937133789,128605000
2013-03-22,124.11859893798828,111163600
2013-03-25,123.60012817382812,151322300
2013-03-26,124.5892562866211,86856600
2013-03-27,124.5892562866211,99950600
2013-03-28,124.97210693359375,102932800
2013-04-01,124.47758483886719,99194100
2013-04-02,125.09180450439453,101504300
2013-04-03,123.82343292236328,154167400
2013-04-04,124.32606506347656,131885000
2013-04-05,123.76762390136719,159666000
2013-04-08,124.60520935058594,86571200
2013-04-09,125.03595733642578,101922200
2013-04-10,126.56755828857422,135711100
2013-04-11,126.98229217529297,110142500
2013-04-12,126.67119598388672,116359900
2013-04-15,123.73575592041016,217259000
2013-04-16,125.56244659423828,147507800
2013-04-17,123.72772216796875,226834800
2013-04-18,122.95402526855469,167583200
2013-04-19,124.02291107177734,149687600
2013-04-22,124.57332611083984,106553500
2013-04-23,125.8575668334961,166141300
2013-04-24,125.93736267089844,96781200
2013-04-25,126.44783782958984,131060600
2013-04-26,126.22450256347656,95918800
2013-04-29,127.070068359375,88572800
2013-04-30,127.37316131591797,116010700
2013-05-01,126.25643157958984,138874200
2013-05-02,127.42894744873047,96407600
2013-05-03,128.72120666503906,144202300
2013-05-06,129.0482940673828,66882100
2013-05-07,129.70237731933594,90359200
2013-05-08,130.2926788330078,97419200
2013-05-09,129.92578125,106738600
2013-05-10,130.34849548339844,103203000
2013-05-13,130.45217895507812,81843200
2013-05-14,131.80026245117188,119000900
2013-05-15,132.51022338867188,120718500
2013-05-16,131.88796997070312,109913600
2013-05-17,133.164306640625,129801000
2013-05-20,133.15628051757812,85071200
2013-05-21,133.34774780273438,95804200
2013-05-22,132.35862731933594,244031800
2013-05-23,131.97573852539062,211064400
2013-05-24,131.8640899658203,151573900
2013-05-28,132.65377807617188,143679800
2013-05-29,131.7922821044922,160363400
2013-05-30,132.27891540527344,107793800
2013-05-31,130.38040161132812,176850100
2013-06-03,131.09828186035156,168390700
2013-06-04,130.46815490722656,157631500
2013-06-05,128.6414337158203,211737800
2013-06-06,129.80604553222656,200225500
2013-06-07,131.457275390625,188337800
2013-06-10,131.457275390625,105667100
2013-06-11,130.1012420654297,159505400
2013-06-12,129.0244140625,177361500
2013-06-13,130.98663330078125,163587800
2013-06-14,130.16500854492188,141197500
2013-06-17,131.17015075683594,136295600
2013-06-18,132.2071075439453,114695600
2013-06-19,130.38040161132812,206149500
2013-06-20,127.14977264404297,321255900
2013-06-21,127.55796813964844,271956800
2013-06-24,125.94617462158203,222329000
2013-06-25,127.15705108642578,162262200
2013-06-26,128.41603088378906,134848000
2013-06-27,129.16978454589844,129483700
2013-06-28,128.64053344726562,160402900
2013-07-01,129.39434814453125,131954800
2013-07-02,129.2740478515625,154863700
2013-07-03,129.33018493652344,75216400
2013-07-05,130.72547912597656,122416900
2013-07-08,131.4712371826172,108092500
2013-07-09,132.41748046875,119298000
2013-07-10,132.46560668945312,121410100
2013-07-11,134.26986694335938,135592200
2013-07-12,134.3260040283203,104212700
2013-07-15,134.83921813964844,69450600
2013-07-16,134.33401489257812,88702100
2013-07-17,134.67881774902344,92873900
2013-07-18,135.41661071777344,103620100
2013-07-19,135.65713500976562,103831700
2013-07-22,135.92184448242188,79428600
2013-07-23,135.6331024169922,80829700
2013-07-24,135.13584899902344,112914000
2013-07-25,135.46469116210938,111088600
2013-07-26,135.60902404785156,107814600
2013-07-29,135.19204711914062,79695000
2013-07-30,135.19204711914062,85209600
2013-07-31,135.28831481933594,142388700
2013-08-01,136.8519744873047,110438400
2013-08-02,137.08450317382812,91116700
2013-08-05,136.8841094970703,54072700
2013-08-06,136.10621643066406,87495000
2013-08-07,135.66513061523438,84854700
2013-08-08,136.1623992919922,102181300
2013-08-09,135.76942443847656,91757700
2013-08-12,135.60902404785156,68593300
2013-08-13,136.0099639892578,80806000
2013-08-14,135.31231689453125,79829200
2013-08-15,133.4198760986328,152931800
2013-08-16,132.97885131835938,130868200
2013-08-19,132.1287841796875,96437600
2013-08-20,132.77835083007812,89294400
2013-08-21,131.96041870117188,159530500
2013-08-22,133.1632537841797,101471400
2013-08-23,133.6123046875,90888900
2013-08-26,133.11514282226562,89702100
2013-08-27,130.9740447998047,158619400
2013-08-28,131.43917846679688,108113000
2013-08-29,131.64768981933594,119200500
2013-08-30,131.2306671142578,134928900
2013-09-03,131.82408142089844,142375100
2013-09-04,132.91470336914062,97389400
2013-09-05,133.08309936523438,63090500
2013-09-06,133.14720153808594,159756500
2013-09-09,134.4222412109375,87559300
2013-09-10,135.41661071777344,105847200
2013-09-11,135.841552734375,94545900
2013-09-12,135.48072814941406,83209000
2013-09-13,135.7854461669922,72727800
2013-09-16,136.5712890625,106299200
2013-09-17,137.18084716796875,82523300
2013-09-18,138.76846313476562,203460600
2013-09-19,138.53590393066406,146616900
2013-09-20,137.56739807128906,132867100
2013-09-23,136.93077087402344,104616500
2013-09-24,136.60850524902344,106333100
2013-09-25,136.21363830566406,117306500
2013-09-26,136.73739624023438,77146900
2013-09-27,136.10891723632812,99141800
2013-09-30,135.3836669921875,143937000
2013-10-01,136.4553680419922,127160000
2013-10-02,136.32640075683594,113350000
2013-10-03,135.0693817138672,176698000
2013-10-04,136.0927276611328,96878000
2013-10-07,134.9163055419922,96295000
2013-10-08,133.34494018554688,178015000
2013-10-09,133.44166564941406,168973000
2013-10-10,136.31837463378906,195955000
2013-10-11,137.1967315673828,105040000
2013-10-14,137.7446746826172,112106000
2013-10-15,136.74546813964844,155485000
2013-10-16,138.65521240234375,161676000
2013-10-17,139.58193969726562,129389000
2013-10-18,140.52468872070312,138316000
2013-10-21,140.53277587890625,104104000
2013-10-22,141.34661865234375,126663000
2013-10-23,140.6697235107422,105484000
2013-10-24,141.1370849609375,70350000
2013-10-25,141.78176879882812,93625000
2013-10-28,142.00738525390625,84979000
2013-10-29,142.7648468017578,87401000
2013-10-30,142.05577087402344,140002000
2013-10-31,141.6527862548828,133795000
2013-11-01,141.9912567138672,142805000
2013-11-04,142.49085998535156,85677000
2013-11-05,142.03964233398438,85825000
2013-11-06,142.7648468017578,87348000
2013-11-07,140.95986938476562,157000000
2013-11-08,142.86151123046875,136713000
2013-11-11,142.88565063476562,62614000
2013-11-12,142.59564208984375,83990000
2013-11-13,143.7398681640625,103844000
2013-11-14,144.45706176757812,103435000
2013-11-15,145.0855712890625,102818000
2013-11-18,144.57789611816406,104796000
2013-11-19,144.2636260986328,93891000
2013-11-20,143.81243896484375,124909000
2013-11-21,144.97276306152344,92841000
2013-11-22,145.69796752929688,81296000
2013-11-25,145.5529022216797,79486000
2013-11-26,145.59324645996094,86994000
2013-11-27,145.9477996826172,58800000
2013-11-29,145.85108947753906,55870900
2013-12-02,145.4723358154297,99726000
2013-12-03,144.84381103515625,116563000
2013-12-04,144.82769775390625,123033000
2013-12-05,144.19110107421875,106934000
2013-12-06,145.80274963378906,127728000
2013-12-09,146.17337036132812,70124000
2013-12-10,145.649658203125,80976000
2013-12-11,144.01382446289062,130591000
2013-12-12,143.5384521484375,115565000
2013-12-13,143.5223388671875,107808000
2013-12-16,144.41673278808594,96195000
2013-12-17,143.95745849609375,89886000
2013-12-18,146.41514587402344,234906000
2013-12-19,146.24594116210938,136531200
2013-12-20,147.09664916992188,197087000
2013-12-23,147.8824920654297,85598000
2013-12-24,148.2066192626953,45368800
2013-12-26,148.96006774902344,63365000
2013-12-27,148.95191955566406,61814000
2013-12-30,148.9276580810547,56857000
2013-12-31,149.63250732421875,86119900
2014-01-02,148.19850158691406,119636900
2014-01-03,148.17410278320312,81390600
2014-01-06,147.74476623535156,108028200
2014-01-07,148.65219116210938,86144200
2014-01-08,148.6845245361328,96582300
2014-01-09,148.78176879882812,90683400
2014-01-10,149.1868896484375,102026400
2014-01-13,147.20193481445312,149892000
2014-01-14,148.8060760498047,105016100
2014-01-15,149.6082763671875,98525800
2014-01-16,149.41372680664062,72290600
2014-01-17,148.78176879882812,107848700
2014-01-21,149.2192840576172,88621200
2014-01-22,149.3164825439453,61270900
2014-01-23,148.0931396484375,132496900
2014-01-24,144.9333953857422,208677100
2014-01-27,144.22042846679688,180843100
2014-01-28,145.07928466796875,110463200
2014-01-29,143.68580627441406,216597300
2014-01-30,145.20889282226562,118938100
2014-01-31,144.3582305908203,194677900
2014-02-03,141.10940551757812,254837100
2014-02-04,142.09779357910156,165012400
2014-02-05,141.9196014404297,164230500
2014-02-06,143.7910919189453,132877600
2014-02-07,145.57347106933594,170787200
2014-02-10,145.8408203125,92218800
2014-02-11,147.4368896484375,117814100
2014-02-12,147.50987243652344,94717700
2014-02-13,148.2713623046875,100542200
2014-02-14,149.0896759033203,96498400
2014-02-18,149.26788330078125,80460900
2014-02-19,148.27952575683594,126524300
2014-02-20,149.15447998046875,104998100
2014-02-21,148.984375,118116400
2014-02-24,149.8107452392578,114063900
2014-02-25,149.75404357910156,117085000
2014-02-26,149.76220703125,98677200
2014-02-27,150.54806518554688,93880800
2014-02-28,150.9287872314453,150842000
2014-03-03,149.86741638183594,167748500
2014-03-04,151.97393798828125,167545900
2014-03-05,152.1116485595703,88376900
2014-03-06,152.46002197265625,82516500
2014-03-07,152.52487182617188,114513500
2014-03-10,152.4438018798828,74939200
2014-03-11,151.69032287597656,99009100
2014-03-12,151.73085021972656,104824400
2014-03-13,150.0294952392578,155014300
2014-03-14,149.6082763671875,153919600
2014-03-17,150.96121215820312,98359500
2014-03-18,152.0387420654297,101804600
2014-03-19,151.22853088378906,176267300
2014-03-20,152.1116485595703,117241000
2014-03-21,151.52162170410156,163128000
2014-03-24,150.8950653076172,121411000
2014-03-25,151.6112060546875,103852000
2014-03-26,150.52072143554688,119843000
2014-03-27,150.20338439941406,142383000
2014-03-28,150.94393920898438,101642000
2014-03-31,152.1807861328125,99745000
2014-04-01,153.18991088867188,89193000
2014-04-02,153.70257568359375,78774000
2014-04-03,153.4990997314453,77435000
2014-04-04,151.68446350097656,169381000
2014-04-07,150.00807189941406,140803000
2014-04-08,150.62655639648438,112660000
2014-04-09,152.2459259033203,100254000
2014-04-10,149.04791259765625,172959000
2014-04-11,147.70513916015625,167251000
2014-04-14,148.8688507080078,132382000
2014-04-15,149.89413452148438,157093000
2014-04-16,151.46470642089844,105197000
2014-04-17,151.67628479003906,105255000
2014-04-21,152.20529174804688,68329000
2014-04-22,152.89697265625,85790000
2014-04-23,152.5388641357422,73869000
2014-04-24,152.8480987548828,88170000
2014-04-25,151.5948944091797,100380000
2014-04-28,152.0750732421875,135121000
2014-04-29,152.78297424316406,84098000
2014-04-30,153.2386932373047,101508000
2014-05-01,153.25497436523438,93019000
2014-05-02,153.0352783203125,98122000
2014-05-05,153.3282470703125,75883000
2014-05-06,151.99366760253906,85454000
2014-05-07,152.8888397216797,106500000
2014-05-08,152.72604370117188,93618000
2014-05-09,152.95388793945312,83679000
2014-05-12,154.44305419921875,86940000
2014-05-13,154.58140563964844,66454000
2014-05-14,153.8489990234375,72367000
2014-05-15,152.49813842773438,154956000
2014-05-16,153.0271759033203,97458000
2014-05-19,153.58868408203125,63839000
2014-05-20,152.62025451660156,111644000
2014-05-21,153.9059600830078,89093000
2014-05-22,154.28030395507812,61549000
2014-05-23,154.8987579345703,61092800
2014-05-27,155.85086059570312,72010000
2014-05-28,155.73692321777344,66723000
2014-05-29,156.5425567626953,64377000
2014-05-30,156.7948455810547,76316000
2014-06-02,156.97390747070312,64656000
2014-06-03,156.89247131347656,65047000
2014-06-04,157.20993041992188,55529000
2014-06-05,158.23516845703125,92103000
2014-06-06,158.9920196533203,78696000
2014-06-09,159.15476989746094,65119000
2014-06-10,159.17100524902344,57129000
2014-06-11,158.61764526367188,68772000
2014-06-12,157.49461364746094,106350000
2014-06-13,157.97476196289062,82017000
2014-06-16,158.10501098632812,87424000
2014-06-17,158.54437255859375,84834000
2014-06-18,159.70811462402344,105267000
2014-06-19,159.8870849609375,85929000
2014-06-20,160.21168518066406,100587000
2014-06-23,160.16262817382812,70611000
2014-06-24,159.19775390625,96237000
2014-06-25,159.91738891601562,82782000
2014-06-26,159.80284118652344,84312000
2014-06-27,160.11361694335938,71445100
2014-06-30,160.03184509277344,70201200
2014-07-01,161.10293579101562,90470000
2014-07-02,161.2664794921875,52475000
2014-07-03,162.05963134765625,52938800
2014-07-07,161.4954376220703,61696000
2014-07-08,160.45703125,108143000
2014-07-09,161.176513671875,72992000
2014-07-10,160.53878784179688,99040000
2014-07-11,160.75953674316406,64243000
2014-07-14,161.5690155029297,58658000
2014-07-15,161.2664794921875,111307000
2014-07-16,161.86338806152344,79986400
2014-07-17,160.02366638183594,145398000
2014-07-18,161.6589813232422,124330000
2014-07-21,161.35643005371094,67592000
2014-07-22,162.05963134765625,67678000
2014-07-23,162.41934204101562,65612000
2014-07-24,162.4275360107422,56888000
2014-07-25,161.66712951660156,76837000
2014-07-28,161.73252868652344,69259000
2014-07-29,161.03756713867188,80466000
2014-07-30,161.0620574951172,104222000
2014-07-31,157.88143920898438,183479000
2014-08-01,157.39895629882812,189261000
2014-08-04,158.53549194335938,91340000
2014-08-05,156.99826049804688,152690000
2014-08-06,157.04736328125,94818000
2014-08-07,156.19700622558594,135733000
2014-08-08,158.00404357910156,117014000
2014-08-11,158.46189880371094,74544000
2014-08-12,158.2411346435547,73632000
2014-08-13,159.31231689453125,69047000
2014-08-14,160.0645294189453,57371000
2014-08-15,160.03184509277344,139951000
2014-08-18,161.37277221679688,75424000
2014-08-19,162.21498107910156,59135000
2014-08-20,162.64837646484375,72763000
2014-08-21,163.12257385253906,67791000
2014-08-22,162.86907958984375,76107000
2014-08-25,163.69485473632812,63855000
2014-08-26,163.80123901367188,47298000
2014-08-27,163.7357635498047,47874000
2014-08-28,163.64588928222656,58330000
2014-08-29,164.11199951171875,65907000
2014-09-02,164.03016662597656,72426000
2014-09-03,163.9402313232422,57462000
2014-09-04,163.70306396484375,85236000
2014-09-05,164.43898010253906,102177000
2014-09-08,164.0138397216797,64146000
2014-09-09,162.97540283203125,88591000
2014-09-10,163.588623046875,67251000
2014-09-11,163.77674865722656,66774400
2014-09-12,162.82003784179688,117409300
2014-09-15,162.6973876953125,76401000
2014-09-16,163.9238739013672,116201000
2014-09-17,164.14466857910156,151266000
2014-09-18,165.0195770263672,94990000
2014-09-19,164.87081909179688,121649000
2014-09-22,163.5974884033203,125553000
2014-09-23,162.66111755371094,111393000
2014-09-24,163.9343719482422,107276000
2014-09-25,161.28921508789062,150300000
2014-09-26,162.57066345214844,103547000
2014-09-29,162.2749786376953,95112000
2014-09-30,161.8478546142578,131302000
2014-10-01,159.6544647216797,177798000
2014-10-02,159.67909240722656,157285000
2014-10-03,161.4370880126953,121569000
2014-10-06,161.2480926513672,104778000
2014-10-07,158.75904846191406,147913000
2014-10-08,161.53565979003906,186461000
2014-10-09,158.3318634033203,210705000
2014-10-10,156.52464294433594,221909000
2014-10-13,153.953369140625,230939000
2014-10-14,154.19161987304688,215847000
2014-10-15,153.14830017089844,380715000
2014-10-16,153.01687622070312,270391000
2014-10-17,154.82415771484375,214625000
2014-10-20,156.3274383544922,130011000
2014-10-21,159.42446899414062,154949000
2014-10-22,158.29080200195312,151822000
2014-10-23,160.1309051513672,154944000
2014-10-24,161.3631591796875,117927000
2014-10-27,161.14134216308594,82954000
2014-10-28,162.98968505859375,106736000
2014-10-29,162.74322509765625,142557000
2014-10-30,163.78651428222656,113330000
2014-10-31,165.65945434570312,146903000
2014-11-03,165.7498321533203,93600000
2014-11-04,165.17478942871094,93343000
2014-11-05,166.21810913085938,91709000
2014-11-06,166.8834686279297,107089000
2014-11-07,167.03955078125,89540000
2014-11-10,167.56529235839844,66319000
2014-11-11,167.72959899902344,54499400
2014-11-12,167.54888916015625,90120300
2014-11-13,167.7378387451172,85357900
2014-11-14,167.77890014648438,80417500
2014-11-17,167.88568115234375,80441000
2014-11-18,168.85501098632812,76068100
2014-11-19,168.5839385986328,82373000
2014-11-20,168.87966918945312,72840300
2014-11-21,169.78329467773438,142327300
2014-11-24,170.2597198486328,65880800
2014-11-25,170.13653564453125,79108300
2014-11-26,170.57192993164062,62167800
2014-11-28,170.21041870117188,57890100
2014-12-01,169.0275421142578,103968400
2014-12-02,170.12013244628906,74507200
2014-12-03,170.77725219726562,68952000
2014-12-04,170.58834838867188,91316600
2014-12-05,170.86769104003906,91025500
2014-12-08,169.72576904296875,108588200
2014-12-09,169.6107940673828,125180100
2014-12-10,166.89166259765625,159856400
2014-12-11,167.7378387451172,159012800
2014-12-12,165.02691650390625,202330200
2014-12-15,163.89324951171875,189965800
2014-12-16,162.57888793945312,259543800
2014-12-17,165.76629638671875,253910100
2014-12-18,169.8654327392578,257633900
2014-12-19,170.58819580078125,245084600
2014-12-22,171.37290954589844,148318900
2014-12-23,171.60423278808594,122167900
2014-12-24,171.6207275390625,42963400
2014-12-26,172.1741485595703,57326700
2014-12-29,172.4054718017578,79643900
2014-12-30,171.48031616210938,73540800
2014-12-31,169.77871704101562,130333800
2015-01-02,169.68788146972656,121465900
2015-01-05,166.6233367919922,169632600
2015-01-06,165.0539093017578,209151400
2015-01-07,167.11065673828125,125346700
2015-01-08,170.07603454589844,147217800
2015-01-09,168.71311950683594,158567300
2015-01-12,167.39157104492188,144396100
2015-01-13,166.92071533203125,214553300
2015-01-14,165.91297912597656,192991100
2015-01-15,164.3931121826172,176613900
2015-01-16,166.5489959716797,211879600
2015-01-20,166.90423583984375,130991100
2015-01-21,167.7467498779297,122942700
2015-01-22,170.2412872314453,174356000
2015-01-23,169.30789184570312,117516800
2015-01-26,169.704345703125,92009700
2015-01-27,167.46592712402344,134044600
2015-01-28,165.31825256347656,168514300
2015-01-29,166.84637451171875,173585400
2015-01-30,164.74832153320312,197729700
2015-02-02,166.78858947753906,163107000
2015-02-03,169.20045471191406,124212900
2015-02-04,168.55618286132812,134306700
2015-02-05,170.25779724121094,97953200
2015-02-06,169.78697204589844,125672000
2015-02-09,169.02706909179688,87219000
2015-02-10,170.8277130126953,96164200
2015-02-11,170.9269256591797,91087800
2015-02-12,172.57064819335938,97545900
2015-02-13,173.28099060058594,93670400
2015-02-17,173.5535888671875,76968200
2015-02-18,173.57009887695312,80652900
2015-02-19,173.44622802734375,91462500
2015-02-20,174.4870147705078,140896400
2015-02-23,174.46218872070312,74411100
2015-02-24,174.95782470703125,72472300
2015-02-25,174.80914306640625,73061700
2015-02-26,174.6026611328125,72697900
2015-02-27,174.00790405273438,108076000
2015-03-02,175.10650634765625,87491400
2015-03-03,174.3878631591797,110325800
2015-03-04,173.6526641845703,114497200
2015-03-05,173.84268188476562,76873000
2015-03-06,171.39772033691406,188128000
2015-03-09,172.1080780029297,89818900
2015-03-10,169.31614685058594,157121300
2015-03-11,168.9196319580078,110145700
2015-03-12,171.0673065185547,93993500
2015-03-13,170.0182342529297,162410900
2015-03-16,172.2898406982422,136099200
2015-03-17,171.7776336669922,94510400
2015-03-18,173.84268188476562,228808500
2015-03-19,173.04971313476562,117917300
2015-03-20,174.57720947265625,177715100
2015-03-23,174.23699951171875,71784500
2015-03-24,173.25802612304688,77805300
2015-03-25,170.71908569335938,159521700
2015-03-26,170.31253051757812,153067200
2015-03-27,170.70248413085938,118939000
2015-03-30,172.78506469726562,96180400
2015-03-31,171.27503967285156,126768700
2015-04-01,170.6693572998047,137303600
2015-04-02,171.2833251953125,86900900
2015-04-06,172.43653869628906,114368200
2015-04-07,171.98023986816406,81236300
2015-04-08,172.56100463867188,89351900
2015-04-09,173.3243865966797,85548900
2015-04-10,174.27024841308594,72722900
2015-04-13,173.4820098876953,74436600
2015-04-14,173.8138885498047,75099900
2015-04-15,174.5938262939453,99529300
2015-04-16,174.5440216064453,68934900
2015-04-17,172.53611755371094,191113200
2015-04-20,174.11260986328125,92189500
2015-04-21,173.9051513671875,72559800
2015-04-22,174.75975036621094,78264600
2015-04-23,175.199462890625,102585900
2015-04-24,175.60598754882812,61327400
2015-04-27,174.87588500976562,79358100
2015-04-28,175.4318084716797,86863500
2015-04-29,174.7099609375,125684900
2015-04-30,172.9593048095703,161304900
2015-05-01,174.83441162109375,103399700
2015-05-04,175.3322296142578,70927200
2015-05-05,173.3243865966797,113326200
2015-05-06,172.61082458496094,135060200
2015-05-07,173.29946899414062,88244900
2015-05-08,175.58116149902344,155877300
2015-05-11,174.74314880371094,75708100
2015-05-12,174.2204132080078,119727600
2015-05-13,174.25360107421875,94667900
2015-05-14,176.0706787109375,95934000
2015-05-15,176.261474609375,76510100
2015-05-18,176.80906677246094,74549700
2015-05-19,176.75100708007812,72114600
2015-05-20,176.62652587890625,76857500
2015-05-21,177.1409912109375,64764600
2015-05-22,176.71780395507812,57433500
2015-05-26,174.81781005859375,124308600
2015-05-27,176.4772491455078,93214000
2015-05-28,176.27809143066406,74974600
2015-05-29,175.182861328125,124919600
2015-06-01,175.53964233398438,93338800
2015-06-02,175.3654022216797,91531000
2015-06-03,175.83004760742188,87820900
2015-06-04,174.34490966796875,151882800
2015-06-05,174.04624938964844,121704700
2015-06-08,172.9759063720703,89063300
2015-06-09,172.9509735107422,105034700
2015-06-10,175.02523803710938,134551300
2015-06-11,175.58944702148438,73876400
2015-06-12,174.24534606933594,135382400
2015-06-15,173.49859619140625,124384200
2015-06-16,174.44448852539062,85308200
2015-06-17,174.72654724121094,126708600
2015-06-18,176.54356384277344,165867900
2015-06-19,175.75987243652344,130478700
2015-06-22,176.66036987304688,70696000
2015-06-23,176.78536987304688,68476800
2015-06-24,175.50143432617188,92307300
2015-06-25,174.96786499023438,97107400
2015-06-26,174.9344940185547,104174800
2015-06-29,171.2660369873047,202621300
2015-06-30,171.62454223632812,182925100
2015-07-01,173.000244140625,135979900
2015-07-02,172.84181213378906,104373700
2015-07-06,172.34991455078125,117975400
2015-07-07,173.4337921142578,173820200
2015-07-08,170.5240020751953,164020100
2015-07-09,170.83253479003906,144113100
2015-07-10,172.9835662841797,129456900
2015-07-13,174.89283752441406,106069400
2015-07-14,175.65151977539062,81709600
2015-07-15,175.5931396484375,97914100
2015-07-16,177.00210571289062,106683300
2015-07-17,177.15220642089844,89030000
2015-07-20,177.24392700195312,70446800
2015-07-21,176.54360961914062,77965000
2015-07-22,176.22677612304688,88667900
2015-07-23,175.23464965820312,90509100
2015-07-24,173.4170684814453,117755000
2015-07-27,172.40821838378906,132361100
2015-07-28,174.5259552001953,123544800
2015-07-29,175.7265167236328,105791300
2015-07-30,175.76820373535156,91304400
2015-07-31,175.50143432617188,103266900
2015-08-03,174.90945434570312,113965700
2015-08-04,174.56765747070312,81820800
2015-08-05,175.14291381835938,85786800
2015-08-06,173.70883178710938,116030800
2015-08-07,173.3753662109375,117858000
2015-08-10,175.55978393554688,80270700
2015-08-11,173.97567749023438,126081400
2015-08-12,174.18408203125,172123700
2015-08-13,173.96734619140625,89383300
2015-08-14,174.6009979248047,72786500
2015-08-17,175.57643127441406,79072600
2015-08-18,175.06790161132812,71692700
2015-08-19,173.68392944335938,172946000
2015-08-20,170.05709838867188,194327900
2015-08-21,164.93798828125,346588500
2015-08-24,157.99293518066406,507244300
2015-08-25,156.13377380371094,369833100
2015-08-26,162.12826538085938,339257000
2015-08-27,166.1385955810547,274143900
2015-08-28,166.1468505859375,160414400
2015-08-31,164.8045654296875,163298800
2015-09-01,159.8855743408203,256000400
2015-09-02,162.9203338623047,160269300
2015-09-03,163.03709411621094,152087800
2015-09-04,160.56915283203125,207081000
2015-09-08,164.6044921875,116025700
2015-09-09,162.40341186523438,149347700
2015-09-10,163.28720092773438,158611100
2015-09-11,164.02919006347656,119691200
2015-09-14,163.42059326171875,79452000
2015-09-15,165.4632568359375,113806200
2015-09-16,166.89723205566406,99581600
2015-09-17,166.5220489501953,276046600
2015-09-18,163.80084228515625,223657500
2015-09-21,164.6473388671875,105726200
2015-09-22,162.51028442382812,153890900
2015-09-23,162.25045776367188,92790600
2015-09-24,161.66380310058594,159378800
2015-09-25,161.6219024658203,155054800
2015-09-28,157.56564331054688,178515900
2015-09-29,157.65780639648438,159045600
2015-09-30,160.5994415283203,163452000
2015-10-01,161.0184783935547,131079000
2015-10-02,163.4237518310547,211003300
2015-10-05,166.3318634033203,126320800
2015-10-06,165.76197814941406,110274500
2015-10-07,167.11962890625,124307300
2015-10-08,168.62814331054688,153055200
2015-10-09,168.72869873046875,107069200
2015-10-12,168.887939453125,56395600
2015-10-13,167.82359313964844,88038700
2015-10-14,167.01904296875,99106200
2015-10-15,169.58355712890625,134142200
2015-10-16,170.35459899902344,114580100
2015-10-19,170.43841552734375,76523900
2015-10-20,170.220458984375,78448500
2015-10-21,169.16453552246094,102038000
2015-10-22,172.02232360839844,174911700
2015-10-23,173.9080047607422,144442300
2015-10-26,173.48056030273438,69033000
2015-10-27,173.14537048339844,77905800
2015-10-28,175.1147918701172,135906700
2015-10-29,175.0142059326172,90525500
2015-10-30,174.2599334716797,131076900
2015-11-02,176.32164001464844,86270800
2015-11-03,176.8328399658203,95246100
2015-11-04,176.29652404785156,96224500
2015-11-05,176.12049865722656,78408700
2015-11-06,176.0283203125,110471500
2015-11-09,174.3856658935547,131008700
2015-11-10,174.78797912597656,75874600
2015-11-11,174.1007537841797,67846000
2015-11-12,171.6703338623047,121315200
2015-11-13,169.7427978515625,153577100
2015-11-16,172.3240966796875,117645200
2015-11-17,172.19833374023438,121123700
2015-11-18,174.93043518066406,121342500
2015-11-19,174.77960205078125,88220500
2015-11-20,175.41653442382812,94011500
2015-11-23,175.2153778076172,64931200
2015-11-24,175.45005798339844,98874400
2015-11-25,175.4248809814453,51980100
2015-11-27,175.6260223388672,37317800
2015-11-30,174.89695739746094,112822700
2015-12-01,176.56466674804688,97858400
2015-12-02,174.76283264160156,108441300
2015-12-03,172.3157501220703,166224200
2015-12-04,175.6763458251953,192913900
2015-12-07,174.61190795898438,102027100
2015-12-08,173.43865966796875,103372400
2015-12-09,172.08935546875,162401500
2015-12-10,172.5335693359375,116128900
2015-12-11,169.18966674804688,211173300
2015-12-14,170.04449462890625,182385200
2015-12-15,171.82955932617188,154069600
2015-12-16,174.34376525878906,197017000
2015-12-17,171.68711853027344,173092500
2015-12-18,168.62857055664062,251393500
2015-12-21,170.01953125,99094300
2015-12-22,171.5623779296875,111026200
2015-12-23,173.6868438720703,110987200
2015-12-24,173.4001922607422,48539600
2015-12-28,173.00399780273438,65899900
2015-12-29,174.85018920898438,92640700
2015-12-30,173.61094665527344,63317700
2015-12-31,171.87428283691406,114877900
2016-01-04,169.47158813476562,222353500
2016-01-05,169.75823974609375,110845800
2016-01-06,167.61688232421875,152112600
2016-01-07,163.5954132080078,213436100
2016-01-08,161.7997283935547,209817200
2016-01-11,161.95994567871094,187941300
2016-01-12,163.2666473388672,172330500
2016-01-13,159.1946563720703,221168900
2016-01-14,161.80816650390625,240795600
2016-01-15,158.33473205566406,324846400
2016-01-19,158.5455322265625,195244400
2016-01-20,156.51376342773438,286547800
2016-01-21,157.39056396484375,195772900
2016-01-22,160.61940002441406,168319600
2016-01-25,158.19143676757812,130371700
2016-01-26,160.3496551513672,141036800
2016-01-27,158.60450744628906,185681700
2016-01-28,159.43077087402344,143798800
2016-01-29,163.31724548339844,210529300
2016-02-01,163.25820922851562,136061600
2016-02-02,160.3159942626953,182564900
2016-02-03,161.27699279785156,205054900
2016-02-04,161.5299530029297,139531800
2016-02-05,158.45274353027344,180788300
2016-02-08,156.31980895996094,191526700
2016-02-09,156.3282470703125,184513100
2016-02-10,156.19332885742188,148214100
2016-02-11,154.16165161132812,219058900
2016-02-12,157.3400115966797,127632400
2016-02-16,159.99560546875,120250700
2016-02-17,162.60906982421875,136009500
2016-02-18,161.9429931640625,102343000
2016-02-19,161.86715698242188,114793000
2016-02-22,164.21083068847656,103640300
2016-02-23,162.13699340820312,111455300
2016-02-24,162.87881469726562,150812200
2016-02-25,164.85162353515625,110728300
2016-02-26,164.47218322753906,129833700
2016-02-29,163.1823272705078,125918100
2016-03-01,167.01821899414062,141799700
2016-03-02,167.76856994628906,102415000
2016-03-03,168.4261932373047,95172200
2016-03-04,168.97409057617188,129293600
2016-03-07,169.10906982421875,100219000
2016-03-08,167.2627410888672,123974900
2016-03-09,168.08897399902344,94801200
2016-03-10,168.22384643554688,156838700
2016-03-11,170.93849182128906,137964500
2016-03-14,170.71925354003906,73612000
2016-03-15,170.44102478027344,93169100
2016-03-16,171.4274444580078,129303200
2016-03-17,172.51502990722656,134278500
2016-03-18,173.1929473876953,138372400
2016-03-21,173.4386749267578,72926700
2016-03-22,173.34542846679688,97471900
2016-03-23,172.20140075683594,81052500
2016-03-24,172.12518310546875,84360900
2016-03-28,172.2268524169922,62408200
2016-03-29,173.8200225830078,92922900
2016-03-30,174.58265686035156,86365300
2016-03-31,174.15896606445312,94584100
2016-04-01,175.3453369140625,114423500
2016-04-04,174.77755737304688,63497000
2016-04-05,173.0319061279297,99662200
2016-04-06,174.92160034179688,91839800
2016-04-07,172.8285369873047,113859000
2016-04-08,173.2946014404297,95040600
2016-04-11,172.88784790039062,83757500
2016-04-12,174.4979248046875,115350600
2016-04-13,176.26055908203125,96336400
2016-04-14,176.26898193359375,65212900
2016-04-15,176.0740966796875,75761600
2016-04-18,177.3113250732422,82531000
2016-04-19,177.87062072753906,88316100
2016-04-20,178.04010009765625,81100300
2016-04-21,177.0825653076172,85695000
2016-04-22,177.0825653076172,99251700
2016-04-25,176.77743530273438,66166500
2016-04-26,177.04010009765625,75864200
2016-04-27,177.40452575683594,77329400
2016-04-28,175.79443359375,97216200
2016-04-29,174.84535217285156,142424100
2016-05-02,176.23509216308594,62188000
2016-05-03,174.70132446289062,106422100
2016-05-04,173.72679138183594,92243800
2016-05-05,173.69290161132812,67619200
2016-05-06,174.32846069335938,89315000
2016-05-09,174.4724884033203,74374900
2016-05-10,176.64187622070312,77472200
2016-05-11,174.98944091796875,81727000
2016-05-12,175.04026794433594,89586300
2016-05-13,173.5149383544922,96474600
2016-05-16,175.22669982910156,77486800
2016-05-17,173.59120178222656,114924900
2016-05-18,173.6420135498047,120062100
2016-05-19,173.0403594970703,115430500
2016-05-20,174.13360595703125,104990400
2016-05-23,173.8962860107422,58682600
2016-05-24,176.1503448486328,93537800
2016-05-25,177.34524536132812,76621400
2016-05-26,177.39599609375,55280700
2016-05-27,178.15872192382812,64211200
2016-05-31,177.81979370117188,109879400
2016-06-01,178.18418884277344,69936200
2016-06-02,178.72647094726562,63044700
2016-06-03,178.1925811767578,101757100
2016-06-06,179.099365234375,64887000
2016-06-07,179.3789520263672,60974800
2016-06-08,179.96368408203125,66170900
2016-06-09,179.71792602539062,73786900
2016-06-10,178.01466369628906,113829200
2016-06-13,176.64187622070312,117751200
2016-06-14,176.29440307617188,125059300
2016-06-15,176.0486297607422,109124500
2016-06-16,176.57403564453125,149533100
2016-06-17,175.91648864746094,117055700
2016-06-20,177.04937744140625,82789600
2016-06-21,177.552001953125,72461700
2016-06-22,177.26234436035156,95560500
2016-06-23,179.57077026367188,102731400
2016-06-24,173.12252807617188,333444400
2016-06-27,170.02194213867188,230775800
2016-06-28,173.08848571777344,159382400
2016-06-29,176.03573608398438,137328600
2016-06-30,178.4378204345703,165021900
2016-07-01,178.81263732910156,106055300
2016-07-05,177.5264129638672,109803700
2016-07-06,178.59117126464844,96021500
2016-07-07,178.48043823242188,85593800
2016-07-08,181.1381072998047,133971000
2016-07-11,181.77691650390625,73633900
2016-07-12,183.09722900390625,101275600
2016-07-13,183.07168579101562,87324100
2016-07-14,184.09384155273438,91230900
2016-07-15,183.84681701660156,107155400
2016-07-18,184.34091186523438,58725900
2016-07-19,184.15345764160156,54345700
2016-07-20,184.92015075683594,58159500
2016-07-21,184.2216339111328,67777300
2016-07-22,185.0479278564453,62787500
2016-07-25,184.5453643798828,55873100
2016-07-26,184.63050842285156,70080500
2016-07-27,184.4346160888672,84083900
2016-07-28,184.64756774902344,65035700
2016-07-29,184.94566345214844,79519400
2016-08-01,184.79234313964844,73311400
2016-08-02,183.6083526611328,92295500
2016-08-03,184.14495849609375,53993600
2016-08-04,184.34091186523438,46585500
2016-08-05,185.84860229492188,71892200
2016-08-08,185.7378692626953,39906500
2016-08-09,185.84860229492188,51251700
2016-08-10,185.3885955810547,57941100
2016-08-11,186.24896240234375,72504300
2016-08-12,186.08714294433594,61313500
2016-08-15,186.62371826171875,49813500
2016-08-16,185.66122436523438,53213600
2016-08-17,186.0104217529297,75134300
2016-08-18,186.42782592773438,52989300
2016-08-19,186.15525817871094,75443000
2016-08-22,186.14674377441406,61368800
2016-08-23,186.52154541015625,53399200
2016-08-24,185.56748962402344,71728900
2016-08-25,185.43968200683594,69224800
2016-08-26,185.09048461914062,122506300
2016-08-29,186.0019073486328,70502200
2016-08-30,185.69529724121094,58114500
2016-08-31,185.16717529296875,85269500
2016-09-01,185.17564392089844,97844200
2016-09-02,186.0104217529297,79293900
2016-09-06,186.5727081298828,56702100
2016-09-07,186.55560302734375,76554900
2016-09-08,186.12969970703125,74102900
2016-09-09,181.67474365234375,221589100
2016-09-12,184.2812957763672,168110900
2016-09-13,181.6321563720703,182828800
2016-09-14,181.5640106201172,134185500
2016-09-15,183.37835693359375,134427900
2016-09-16,182.66952514648438,155236400
2016-09-19,182.7037353515625,80250500
2016-09-20,182.71231079101562,69665300
2016-09-21,184.7669677734375,110284400
2016-09-22,185.93128967285156,76678700
2016-09-23,184.91249084472656,73630900
2016-09-26,183.41432189941406,89827300
2016-09-27,184.55296325683594,78494800
2016-09-28,185.46893310546875,87411000
2016-09-29,183.79100036621094,128070600
2016-09-30,185.17791748046875,117202900
2016-10-03,184.73275756835938,83512100
2016-10-04,183.79100036621094,119948100
2016-10-05,184.6043701171875,72816000
2016-10-06,184.73275756835938,62927400
2016-10-07,184.09921264648438,89788300
2016-10-10,185.05804443359375,51855000
2016-10-11,182.72084045410156,130367400
2016-10-12,182.96058654785156,73866100
2016-10-13,182.3612823486328,101357000
2016-10-14,182.45545959472656,93346200
2016-10-17,181.82192993164062,58275700
2016-10-18,182.96058654785156,76869700
2016-10-19,183.44857788085938,66519200
2016-10-20,183.10610961914062,73639800
2016-10-21,183.19174194335938,89089100
2016-10-24,183.97079467773438,60146600
2016-10-25,183.35433959960938,66542300
2016-10-26,182.98623657226562,75705500
2016-10-27,182.4982452392578,77220200
2016-10-28,181.95892333984375,140623200
2016-10-31,181.9674530029297,61272500
2016-11-01,180.6490936279297,122781800
2016-11-02,179.56175231933594,103330800
2016-11-03,178.73988342285156,88939300
2016-11-04,178.5430145263672,109122100
2016-11-07,182.48114013671875,109794900
2016-11-08,183.30299377441406,106772100
2016-11-09,185.2464141845703,258429000
2016-11-10,185.70870971679688,172113300
2016-11-11,185.28060913085938,100552700
2016-11-14,185.42623901367188,94580000
2016-11-15,186.8730010986328,91652600
2016-11-16,186.52197265625,65617700
2016-11-17,187.48086547851562,69797200
2016-11-18,187.06134033203125,86265800
2016-11-21,188.47396850585938,72402600
2016-11-22,188.8420867919922,67429000
2016-11-23,188.94480895996094,56620200
2016-11-25,189.64682006835938,37872300
2016-11-28,188.7564697265625,76572500
2016-11-29,189.12461853027344,69886700
2016-11-30,188.6708526611328,113291800
2016-12-01,187.97738647460938,79040500
2016-12-02,188.0715789794922,74840300
2016-12-05,189.20166015625,67837800
2016-12-06,189.80091857910156,59877400
2016-12-07,192.2836456298828,110738100
2016-12-08,192.75453186035156,99714400
2016-12-09,193.9188690185547,88005800
2016-12-12,193.69627380371094,102016100
2016-12-13,194.9889678955078,110477500
2016-12-14,193.3794708251953,142501800
2016-12-15,194.1757049560547,124972600
2016-12-16,193.7958984375,156420200
2016-12-19,194.21791076660156,90341100
2016-12-20,194.96707153320312,89838800
2016-12-21,194.424560546875,67909000
2016-12-22,194.08876037597656,56219100
2016-12-23,194.37289428710938,36697800
2016-12-27,194.85516357421875,42672500
2016-12-28,193.2447967529297,64095000
2016-12-29,193.2017059326172,48696100
2016-12-30,192.49551391601562,108998300
2017-01-03,193.96812438964844,91366500
2017-01-04,195.12213134765625,78744400
2017-01-05,194.96707153320312,78379000
2017-01-06,195.66465759277344,71559900
2017-01-09,195.01873779296875,46939700
2017-01-10,195.01873779296875,63771900
2017-01-11,195.56988525390625,74650000
2017-01-12,195.07904052734375,72113200
2017-01-13,195.52687072753906,62717900
2017-01-17,194.83792114257812,61240800
2017-01-18,195.26852416992188,54793300
2017-01-19,194.54513549804688,66608800
2017-01-20,195.25985717773438,129168600
2017-01-23,194.7517852783203,75061600
2017-01-24,196.00045776367188,95555300
2017-01-25,197.6969757080078,84437700
2017-01-26,197.49024963378906,59970700
2017-01-27,197.18028259277344,59711100
2017-01-30,195.95745849609375,79737300
2017-01-31,195.9402313232422,75880800
2017-02-01,196.01773071289062,79117700
2017-02-02,196.14688110351562,69657600
2017-02-03,197.49888610839844,80563200
2017-02-06,197.14585876464844,57790100
2017-02-07,197.1544189453125,57931200
2017-02-08,197.41281127929688,51566200
2017-02-09,198.583984375,65955200
2017-02-10,199.36764526367188,66015900
2017-02-13,200.45274353027344,55182100
2017-02-14,201.2535858154297,71109000
2017-02-15,202.30416870117188,86785800
2017-02-16,202.1319580078125,84722400
2017-02-17,202.45059204101562,77204100
2017-02-21,203.65625,88946100
2017-02-22,203.47532653808594,62115200
2017-02-23,203.6132049560547,74615900
2017-02-24,203.87152099609375,82381600
2017-02-27,204.190185546875,56515400
2017-02-28,203.63897705078125,96961900
2017-03-01,206.48944091796875,149158200
2017-03-02,205.18905639648438,70246000
2017-03-03,205.31832885742188,81974300
2017-03-06,204.7068634033203,55391500
2017-03-07,204.09542846679688,65103700
2017-03-08,203.71649169921875,78168800
2017-03-09,203.97483825683594,90683900
2017-03-10,204.6895751953125,81991700
2017-03-13,204.79299926757812,57256800
2017-03-14,204.00924682617188,59880800
2017-03-15,205.77468872070312,96081800
2017-03-16,205.36996459960938,78344000
2017-03-17,205.00927734375,89002100
2017-03-20,204.78443908691406,52537000
2017-03-21,202.15504455566406,131809300
2017-03-22,202.63076782226562,97569200
2017-03-23,202.41453552246094,100410300
2017-03-24,202.26748657226562,112504900
2017-03-27,202.0598907470703,87454500
2017-03-28,203.53024291992188,93483900
2017-03-29,203.7205352783203,61950400
2017-03-30,204.36920166015625,56737900
2017-03-31,203.89358520507812,73733100
2017-04-03,203.5389404296875,85546500
2017-04-04,203.66860961914062,56466200
2017-04-05,203.06320190429688,108800600
2017-04-06,203.63404846191406,69135800
2017-04-07,203.4264678955078,74412300
2017-04-10,203.5475616455078,67615300
2017-04-11,203.30535888671875,88045300
2017-04-12,202.41453552246094,81864400
2017-04-13,201.09988403320312,92880400
2017-04-17,202.881591796875,68405400
2017-04-18,202.27618408203125,83225800
2017-04-19,201.90420532226562,68699900
2017-04-20,203.5475616455078,92572200
2017-04-21,202.8988494873047,110389800
2017-04-24,205.13035583496094,119209900
2017-04-25,206.3239288330078,76698300
2017-04-26,206.19419860839844,84702500
2017-04-27,206.3671417236328,57410300
2017-04-28,205.91741943359375,63532800
2017-05-01,206.43634033203125,66882500
2017-05-02,206.51416015625,57375700
2017-05-03,206.26339721679688,73137700
2017-05-04,206.5055389404297,61462700
2017-05-05,207.3185577392578,62001300
2017-05-08,207.28399658203125,48385700
2017-05-09,207.0936737060547,51363200
2017-05-10,207.4656219482422,54293800
2017-05-11,207.04180908203125,62358300
2017-05-12,206.69583129882812,53912700
2017-05-15,207.8375244140625,61918900
2017-05-16,207.64723205566406,51241800
2017-05-17,203.9626922607422,172174100
2017-05-18,204.78443908691406,107047700
2017-05-19,206.1163330078125,115011400
2017-05-22,207.16285705566406,61010600
2017-05-23,207.6212921142578,48341700
2017-05-24,208.10565185546875,46927700
2017-05-25,209.1002655029297,64071700
2017-05-26,209.05699157714844,46629900
2017-05-30,208.87539672851562,35201900
2017-05-31,208.82351684570312,91796000
2017-06-01,210.484130859375,68962000
2017-06-02,211.18472290039062,88666100
2017-06-05,211.0290069580078,44698800
2017-06-06,210.3544158935547,50375400
2017-06-07,210.74359130859375,54144300
2017-06-08,210.8473663330078,65950700
2017-06-09,210.52743530273438,132256400
2017-06-12,210.484130859375,86108100
2017-06-13,211.51339721679688,60067000
2017-06-14,211.24525451660156,78602300
2017-06-15,210.83876037597656,66464900
2017-06-16,210.88479614257812,84553100
2017-06-19,212.64044189453125,65123800
2017-06-20,211.2063751220703,56906400
2017-06-21,211.15420532226562,55977600
2017-06-22,211.05865478515625,44148100
2017-06-23,211.3106689453125,66986800
2017-06-26,211.44976806640625,56700500
2017-06-27,209.7462158203125,82247700
2017-06-28,211.62356567382812,70042600
2017-06-29,209.763671875,106949700
2017-06-30,210.15472412109375,86820700
2017-07-03,210.51107788085938,39153800
2017-07-05,210.99781799316406,54427600
2017-07-06,209.068359375,65400800
2017-07-07,210.4241485595703,57972300
2017-07-10,210.65016174316406,36663300
2017-07-11,210.49368286132812,50354600
2017-07-12,212.07554626464844,59610400
2017-07-13,212.43182373046875,39471600
2017-07-14,213.42266845703125,60262700
2017-07-17,213.39657592773438,33531900
2017-07-18,213.5095672607422,42742500
2017-07-19,214.66551208496094,51034300
2017-07-20,214.7610626220703,47135200
2017-07-21,214.56991577148438,82340800
2017-07-24,214.51776123046875,46622300
2017-07-25,215.03924560546875,54915600
2017-07-26,215.04786682128906,47575400
2017-07-27,214.84800720214844,70766600
2017-07-28,214.59597778320312,50088400
2017-07-31,214.4743194580078,65838700
2017-08-01,214.95233154296875,55050400
2017-08-02,215.056640625,47211200
2017-08-03,214.63941955566406,40856000
2017-08-04,215.03060913085938,60191800
2017-08-07,215.43032836914062,31995000
2017-08-08,214.9002227783203,61719400
2017-08-09,214.8914337158203,62632600
2017-08-10,211.85821533203125,120479500
2017-08-11,212.17112731933594,74869900
2017-08-14,214.2744140625,73291900
2017-08-15,214.248291015625,55242700
2017-08-16,214.62203979492188,56715500
2017-08-17,211.27590942382812,128490400
2017-08-18,210.94570922851562,136748000
2017-08-21,211.11080932617188,65469700
2017-08-22,213.3183135986328,63140100
2017-08-23,212.5535430908203,50203800
2017-08-24,212.05812072753906,50741700
2017-08-25,212.5535430908203,64445900
2017-08-28,212.562255859375,40565600
2017-08-29,212.8055419921875,51135700
2017-08-30,213.81378173828125,62030800
2017-08-31,215.10009765625,103803900
2017-09-01,215.40428161621094,62007000
2017-09-05,213.857177734375,91398800
2017-09-06,214.5872802734375,57916900
2017-09-07,214.56117248535156,58034700
2017-09-08,214.3092041015625,63832800
2017-09-11,216.59495544433594,71364800
2017-09-12,217.32504272460938,56896000
2017-09-13,217.42933654785156,59228000
2017-09-14,217.3597869873047,95446300
2017-09-15,217.6524200439453,95432400
2017-09-18,218.11534118652344,46235200
2017-09-19,218.3336944580078,47108100
2017-09-20,218.412353515625,59574100
2017-09-21,217.82708740234375,48211400
2017-09-22,217.87078857421875,51214000
2017-09-25,217.42532348632812,57064400
2017-09-26,217.55628967285156,54082000
2017-09-27,218.40354919433594,81001400
2017-09-28,218.66558837890625,44778800
2017-09-29,219.4342041015625,85578000
2017-10-02,220.3862762451172,59023000
2017-10-03,220.85787963867188,66810200
2017-10-04,221.11990356445312,55953600
2017-10-05,222.43014526367188,63522800
2017-10-06,222.17681884765625,80646000
2017-10-09,221.8100128173828,35803100
2017-10-10,222.39515686035156,43057400
2017-10-11,222.7445068359375,47674300
2017-10-12,222.4126434326172,47065100
2017-10-13,222.6834259033203,54800400
2017-10-16,222.9804229736328,38221700
2017-10-17,223.13760375976562,31561000
2017-10-18,223.35598754882812,40888300
2017-10-19,223.41714477539062,61903800
2017-10-20,224.57005310058594,89176400
2017-10-23,223.69662475585938,63915300
2017-10-24,224.08969116210938,66935900
2017-10-25,222.9804229736328,103715300
2017-10-26,223.26861572265625,69798000
2017-10-27,225.0941162109375,85562500
2017-10-30,224.25563049316406,54285700
2017-10-31,224.60496520996094,60304800
2017-11-01,224.9019775390625,54202700
2017-11-02,224.98931884765625,56449500
2017-11-03,225.7404327392578,59589700
2017-11-06,226.0898895263672,49652600
2017-11-07,225.9326629638672,57502200
2017-11-08,226.31698608398438,50469600
2017-11-09,225.4959259033203,95085500
2017-11-10,225.42605590820312,59984700
2017-11-13,225.63563537597656,50228600
2017-11-14,225.11158752441406,61315200
2017-11-15,223.98487854003906,80811500
2017-11-16,225.8889617919922,67777000
2017-11-17,225.22511291503906,75756800
2017-11-20,225.6094207763672,48075500
2017-11-21,227.0855255126953,69176800
2017-11-22,226.88467407226562,45033400
2017-11-24,227.40866088867188,27856500
2017-11-27,227.29522705078125,52274900
2017-11-28,229.60096740722656,98971700
2017-11-29,229.46131896972656,77512100
2017-11-30,231.47023010253906,127894400
2017-12-01,230.9898223876953,164390900
2017-12-04,230.71035766601562,94040600
2017-12-05,229.88058471679688,77994500
2017-12-06,229.92420959472656,75898600
2017-12-07,230.649169921875,77218600
2017-12-08,231.90696716308594,76563900
2017-12-11,232.60577392578125,83077500
2017-12-12,233.01622009277344,85195800
2017-12-13,232.99005126953125,102905400
2017-12-14,232.0379638671875,100666700
2017-12-15,233.9702606201172,144610300
2017-12-18,235.45399475097656,83653600
2017-12-19,234.54962158203125,82382900
2017-12-20,234.42674255371094,76751500
2017-12-21,234.90966796875,67032300
2017-12-22,234.84812927246094,78720900
2017-12-26,234.56723022460938,45244400
2017-12-27,234.68136596679688,57751000
2017-12-28,235.16415405273438,45116100
2017-12-29,234.27752685546875,96007400
2018-01-02,235.95428466796875,86655700
2018-01-03,237.44671630859375,90070400
2018-01-04,238.44747924804688,80636400
2018-01-05,240.03656005859375,83524000
2018-01-08,240.47549438476562,57319200
2018-01-09,241.01980590820312,57254000
2018-01-10,240.65110778808594,69574300
2018-01-11,242.40695190429688,62361500
2018-01-12,243.9871826171875,90816100
2018-01-16,243.15310668945312,106555100
2018-01-17,245.470703125,113258800
2018-01-18,245.0581512451172,100728000
2018-01-19,246.173095703125,140920100
2018-01-22,248.1747283935547,91322400
2018-01-23,248.70144653320312,97084700
2018-01-24,248.6049041748047,134816100
2018-01-25,248.71029663085938,84587300
2018-01-26,251.58969116210938,107743100
2018-01-29,249.92172241210938,90118300
2018-01-30,247.35824584960938,131796400
2018-01-31,247.48121643066406,108364800
2018-02-01,247.20025634765625,90102500
2018-02-02,241.81869506835938,173174800
2018-02-05,231.70521545410156,294681800
2018-02-06,236.2703399658203,355026800
2018-02-07,234.98863220214844,167376100
2018-02-08,226.17446899414062,246449500
2018-02-09,229.57192993164062,283565300
2018-02-12,232.943115234375,143736000
2018-02-13,233.5225067138672,81223600
2018-02-14,236.6741485595703,120735700
2018-02-15,239.69424438476562,111200300
2018-02-16,239.764404296875,160420100
2018-02-20,238.26312255859375,86369700
2018-02-21,237.0779571533203,98883700
2018-02-22,237.38525390625,110511300
2018-02-23,241.1690673828125,92766400
2018-02-26,243.969482421875,86491400
2018-02-27,240.92324829101562,99099200
2018-02-28,238.48268127441406,121907800
2018-03-01,235.0149383544922,176855100
2018-03-02,236.22640991210938,139083200
2018-03-05,238.95677185058594,97307400
2018-03-06,239.5625457763672,79213200
2018-03-07,239.47470092773438,87063500
2018-03-08,240.633544921875,66901200
2018-03-09,244.82107543945312,113625300
2018-03-12,244.51380920410156,71924800
2018-03-13,242.93365478515625,91968900
2018-03-14,241.68698120117188,105895100
2018-03-15,241.42369079589844,83433000
2018-03-16,241.6854705810547,100343700
2018-03-19,238.41534423828125,109208400
2018-03-20,238.82077026367188,59757300
2018-03-21,238.3624725341797,78709600
2018-03-22,232.40411376953125,148785900
2018-03-23,227.4504852294922,183534800
2018-03-26,233.6732635498047,141956100
2018-03-27,229.69813537597656,129941400
2018-03-28,229.01943969726562,146452300
2018-03-29,231.94570922851562,111601600
2018-04-02,226.93923950195312,186286300
2018-04-03,229.8479461669922,119956900
2018-04-04,232.3070831298828,123715300
2018-04-05,234.14048767089844,82652600
2018-04-06,228.9224395751953,179521200
2018-04-09,230.0507049560547,105442900
2018-04-10,233.70855712890625,103529000
2018-04-11,232.4834442138672,91140200
2018-04-12,234.3960418701172,68890500
2018-04-13,233.70855712890625,85079200
2018-04-16,235.63003540039062,63405300
2018-04-17,238.15093994140625,64682000
2018-04-18,238.3271942138672,57303900
2018-04-19,237.00506591796875,77655900
2018-04-20,234.99545288085938,99953100
2018-04-23,234.96023559570312,65558000
2018-04-24,231.79592895507812,112885500
2018-04-25,232.3688507080078,103840900
2018-04-26,234.7310333251953,67731900
2018-04-27,234.9513702392578,57053600
2018-04-30,233.14453125,82182300
2018-05-01,233.55874633789062,74203400
2018-05-02,231.9897918701172,86368900
2018-05-03,231.47860717773438,136311500
2018-05-04,234.47537231445312,91222100
2018-05-07,235.26870727539062,55304900
2018-05-08,235.26870727539062,67499200
2018-05-09,237.54270935058594,59666100
2018-05-10,239.76394653320312,72063900
2018-05-11,240.49551391601562,59871500
2018-05-14,240.6101531982422,54790600
2018-05-15,238.9530487060547,87036100
2018-05-16,239.9578094482422,53942600
2018-05-17,239.755126953125,56536400
2018-05-18,239.15577697753906,64368000
2018-05-21,240.95382690429688,58025900
2018-05-22,240.28395080566406,52966400
2018-05-23,240.9450225830078,64694200
2018-05-24,240.45140075683594,76043800
2018-05-25,239.8784942626953,56374800
2018-05-29,237.11964416503906,115908600
2018-05-30,240.28395080566406,69678400
2018-05-31,238.81198120117188,93519900
2018-06-01,241.15647888183594,71258400
2018-06-04,242.30233764648438,45385200
2018-06-05,242.4787139892578,51135000
2018-06-06,244.50592041015625,62732200
2018-06-07,244.47955322265625,72969400
2018-06-08,245.20225524902344,72139700
2018-06-11,245.52835083007812,58892500
2018-06-12,245.8457794189453,72329000
2018-06-13,245.06126403808594,79070600
2018-06-14,245.67832946777344,77097600
2018-06-15,245.36488342285156,120041600
2018-06-18,244.860107421875,52917600
2018-06-19,243.92169189453125,97531500
2018-06-20,244.3378143310547,53785500
2018-06-21,242.80612182617188,71061400
2018-06-22,243.24879455566406,54898500
2018-06-25,239.93746948242188,137854200
2018-06-26,240.46871948242188,68547400
2018-06-27,238.47657775878906,105110700
2018-06-28,239.8401641845703,76650500
2018-06-29,240.18536376953125,97592500
2018-07-02,240.69882202148438,63554800
2018-07-03,239.84898376464844,42187100
2018-07-05,241.8056182861328,56925900
2018-07-06,243.85086059570312,66493700
2018-07-09,246.0464630126953,50550400
2018-07-10,246.93203735351562,51966800
2018-07-11,245.12574768066406,77054700
2018-07-12,247.3480224609375,60124700
2018-07-13,247.54283142089844,48216000
2018-07-16,247.32144165039062,48201000
2018-07-17,248.32199096679688,52315500
2018-07-18,248.8444061279297,44593500
2018-07-19,247.9059600830078,61412100
2018-07-20,247.62254333496094,82337700
2018-07-23,248.08302307128906,47047600
2018-07-24,249.33128356933594,68026900
2018-07-25,251.4562530517578,78882900
2018-07-26,250.863037109375,57919500
2018-07-27,249.1631317138672,76768700
2018-07-30,247.86163330078125,63742500
2018-07-31,249.08348083496094,68570500
2018-08-01,248.66738891601562,53853300
2018-08-02,250.02197265625,63426400
2018-08-03,251.09324645996094,53935400
2018-08-06,252.01406860351562,39400900
2018-08-07,252.84628295898438,43196600
2018-08-08,252.74000549316406,42114600
2018-08-09,252.39483642578125,35717000
2018-08-10,250.70372009277344,77076000
2018-08-13,249.7651824951172,65732900
2018-08-14,251.35882568359375,43842000
2018-08-15,249.4818572998047,102925400
2018-08-16,251.50051879882812,69967900
2018-08-17,252.38583374023438,65618500
2018-08-20,252.92591857910156,39807500
2018-08-21,253.51922607421875,67272000
2018-08-22,253.3686981201172,44993300
2018-08-23,253.03221130371094,49204900
2018-08-24,254.55508422851562,57487400
2018-08-27,256.5648193359375,57072400
2018-08-28,256.68878173828125,46943500
2018-08-29,258.0699462890625,61485500
2018-08-30,257.0252685546875,61229500
2018-08-31,257.03411865234375,66140800
2018-09-04,256.59136962890625,57594400
2018-09-05,255.90081787109375,72452400
2018-09-06,255.13058471679688,65909900
2018-09-07,254.63475036621094,73524800
2018-09-10,255.0774688720703,50210900
2018-09-11,255.9185791015625,50530500
2018-09-12,255.9803924560547,59810800
2018-09-13,257.49456787109375,51034200
2018-09-14,257.5389099121094,55079900
2018-09-17,256.1753234863281,68244000
2018-09-18,257.56536865234375,61930400
2018-09-19,257.8397521972656,49080600
2018-09-20,259.9293212890625,100360600
2018-09-21,259.69183349609375,105479700
2018-09-24,258.8290100097656,53409600
2018-09-25,258.58905029296875,44370000
2018-09-26,257.81512451171875,79739700
2018-09-27,258.5356140136719,59249500
2018-09-28,258.5623779296875,70091400
2018-10-01,259.4606018066406,62078900
2018-10-02,259.30938720703125,47258200
2018-10-03,259.4516906738281,64694600
2018-10-04,257.4239196777344,111545900
2018-10-05,255.98313903808594,105951700
2018-10-08,255.98313903808594,87742200
2018-10-09,255.6095733642578,74339000
2018-10-10,247.51612854003906,214731000
2018-10-11,242.06423950195312,274840500
2018-10-12,245.4261474609375,183186500
2018-10-15,244.047607421875,102263700
2018-10-16,249.38375854492188,118255800
2018-10-17,249.4282684326172,110626000
2018-10-18,245.82626342773438,134557500
2018-10-19,245.69290161132812,139901600
2018-10-22,244.59005737304688,82415800
2018-10-23,243.3448944091797,146352700
2018-10-24,235.97190856933594,177806700
2018-10-25,240.20533752441406,138061500
2018-10-26,235.98080444335938,201574600
2018-10-29,234.67337036132812,160749100
2018-10-30,238.15090942382812,157116000
2018-10-31,240.6945343017578,128296300
2018-11-01,243.25595092773438,99495000
2018-11-02,241.81521606445312,122634100
2018-11-05,243.14926147460938,65622500
2018-11-06,244.68797302246094,60085900
2018-11-07,249.92642211914062,102752100
2018-11-08,249.4728240966797,65584900
2018-11-09,247.03582763671875,98812600
2018-11-12,242.4199981689453,99673600
2018-11-13,241.96636962890625,98176600
2018-11-14,240.31210327148438,125335900
2018-11-15,242.82020568847656,135101400
2018-11-16,243.4515838623047,126668000
2018-11-19,239.33380126953125,103061700
2018-11-20,234.90464782714844,136021300
2018-11-21,235.70506286621094,75563700
2018-11-23,234.13095092773438,42807900
2018-11-26,237.91078186035156,79981400
2018-11-27,238.71121215820312,75502400
2018-11-28,244.20767211914062,127629600
2018-11-29,243.6739959716797,82346400
2018-11-30,245.1592254638672,98204200
2018-12-03,248.4054412841797,103176300
2018-12-04,240.3565673828125,177986000
2018-12-06,239.99188232421875,204185400
2018-12-07,234.4154815673828,161018900
2018-12-10,234.8601837158203,151445900
2018-12-11,234.91355895996094,121504400
2018-12-12,236.09642028808594,97976700
2018-12-13,236.01638793945312,96662700
2018-12-14,231.65838623046875,116961100
2018-12-17,227.11361694335938,165492300
2018-12-18,226.86460876464844,134515100
2018-12-19,223.46714782714844,214992800
2018-12-20,219.8295440673828,252053400
2018-12-21,215.3253631591797,255345600
2018-12-24,209.63583374023438,147311600
2018-12-26,220.2276611328125,218485400
2018-12-27,221.91844177246094,186267300
2018-12-28,221.6321563720703,153100200
2018-12-31,223.57337951660156,144299400
2019-01-02,223.80592346191406,126925200
2019-01-03,218.46534729003906,144140700
2019-01-04,225.78297424316406,142628800
2019-01-07,227.5631866455078,103139100
2019-01-08,229.70118713378906,102512600
2019-01-09,230.7747344970703,95006600
2019-01-10,231.58880615234375,96823900
2019-01-11,231.6782989501953,73858100
2019-01-14,230.26480102539062,70908200
2019-01-15,232.90383911132812,85208300
2019-01-16,233.4673614501953,77636700
2019-01-17,235.23867797851562,96118400
2019-01-18,238.3697052001953,127900300
2019-01-22,235.14923095703125,115531200
2019-01-23,235.6411895751953,86030300
2019-01-24,235.76641845703125,59204100
2019-01-25,237.7613983154297,96883400
2019-01-28,235.95437622070312,85613700
2019-01-29,235.6411895751953,66136300
2019-01-30,239.37167358398438,92473700
2019-01-31,241.4739227294922,104012100
2019-02-01,241.5902099609375,85782500
2019-02-04,243.28981018066406,60744800
2019-02-05,244.30975341796875,79552800
2019-02-06,243.98760986328125,58347800
2019-02-07,241.66177368164062,95482000
2019-02-08,241.9569854736328,75788900
2019-02-11,242.0911407470703,68021400
2019-02-12,245.20428466796875,72270200
2019-02-13,246.00047302246094,65277200
2019-02-14,245.45474243164062,83234400
2019-02-15,248.1295623779297,97088700
2019-02-19,248.5589599609375,59120800
2019-02-20,249.05996704101562,76610800
2019-02-21,248.1743927001953,64214700
2019-02-22,249.7130126953125,78114600
2019-02-25,250.05296325683594,69030700
2019-02-26,249.8739776611328,56844100
2019-02-27,249.7666473388672,56921600
2019-02-28,249.301513671875,69268300
2019-03-01,250.8580322265625,78880500
2019-03-04,249.9456024169922,106494600
2019-03-05,249.6056365966797,59114600
2019-03-06,248.0938262939453,75039800
2019-03-07,246.01837158203125,94885100
2019-03-08,245.52630615234375,85795800
2019-03-11,249.08676147460938,65098900
2019-03-12,250.026123046875,79667500
2019-03-13,251.68106079101562,80639200
2019-03-14,251.52005004882812,67518400
2019-03-15,252.76272583007812,81309000
2019-03-18,253.67922973632812,62199800
2019-03-19,253.74203491210938,90268100
2019-03-20,252.97836303710938,84609200
2019-03-21,255.83563232421875,79550400
2019-03-22,250.9117431640625,122659300
2019-03-25,250.72308349609375,85575200
2019-03-26,252.5919189453125,68125900
2019-03-27,251.27114868164062,72224700
2019-03-28,252.2235870361328,56238500
2019-03-29,253.8139190673828,82186800
2019-04-01,256.823974609375,77617900
2019-04-02,256.94976806640625,40070400
2019-04-03,257.3541564941406,68243200
2019-04-04,258.0369873046875,48997500
2019-04-05,259.285888671875,58621700
2019-04-08,259.4836120605469,53566300
2019-04-09,258.15380859375,66142300
2019-04-10,259.0344543457031,52601500
2019-04-11,258.9624328613281,55093100
2019-04-12,260.7146301269531,69727800
2019-04-15,260.5437927246094,49596700
2019-04-16,260.7146301269531,52153200
2019-04-17,260.07666015625,58268300
2019-04-18,260.5887756347656,68708500
2019-04-22,260.8134460449219,40160100
2019-04-23,263.1585998535156,52246600
2019-04-24,262.57452392578125,50392900
2019-04-25,262.4128723144531,57770900
2019-04-26,263.634765625,50916400
2019-04-29,264.0480651855469,57197700
2019-04-30,264.1828918457031,81111700
2019-05-01,262.1971435546875,71671900
2019-05-02,261.6310729980469,65030200
2019-05-03,264.1918640136719,56543700
2019-05-06,263.1046447753906,107198100
2019-05-07,258.71087646484375,144729900
2019-05-08,258.3514099121094,91568300
2019-05-09,257.5698547363281,103471100
2019-05-10,258.8636169433594,112429300
2019-05-13,252.35845947265625,127290500
2019-05-14,254.64053344726562,77003200
2019-05-15,256.1321105957031,73956400
2019-05-16,258.5042724609375,76749600
2019-05-17,256.8330383300781,100353000
2019-05-20,255.13482666015625,62877600
2019-05-21,257.4350280761719,46847100
2019-05-22,256.6442565917969,49482500
2019-05-23,253.50840759277344,98733800
2019-05-24,254.08358764648438,55268100
2019-05-28,251.72035217285156,70029400
2019-05-29,250.0312042236328,104972900
2019-05-30,250.7141571044922,62523800
2019-05-31,247.3356170654297,86862800
2019-06-03,246.70669555664062,96428000
2019-06-04,252.06187438964844,77231900
2019-06-05,254.2452392578125,71169700
2019-06-06,255.8985595703125,69430400
2019-06-07,258.4593200683594,74272200
2019-06-10,259.64532470703125,60799100
2019-06-11,259.5824890136719,58641300
2019-06-12,259.124267578125,47096300
2019-06-13,260.19342041015625,48945200
2019-06-14,259.906005859375,52324700
2019-06-17,260.00482177734375,39205700
2019-06-18,262.7272644042969,85434800
2019-06-19,263.3203125,78674400
2019-06-20,265.83624267578125,116570000
2019-06-21,265.44976806640625,83309500
2019-06-24,265.1246643066406,47582700
2019-06-25,262.5242919921875,82028700
2019-06-26,262.2624816894531,51584900
2019-06-27,263.1925354003906,40355200
2019-06-28,264.546875,59350900
2019-07-01,266.9485778808594,78705600
2019-07-02,267.6437072753906,61504500
2019-07-03,269.7836608886719,40898900
2019-07-05,269.4765930175781,51677300
2019-07-08,267.9958801269531,45841800
2019-07-09,268.32989501953125,41101300
2019-07-10,269.6120300292969,58448500
2019-07-11,270.24407958984375,50826100
2019-07-12,271.4539489746094,40326000
2019-07-15,271.544189453125,33900000
2019-07-16,270.66845703125,36650100
2019-07-17,268.8266296386719,36036300
2019-07-18,269.81072998046875,51392600
2019-07-19,268.31182861328125,58678600
2019-07-22,268.9709777832031,43638100
2019-07-23,270.8941650390625,44564500
2019-07-24,272.1672058105469,47213200
2019-07-25,270.8670654296875,55394100
2019-07-26,272.681884765625,45084100
2019-07-29,272.18524169921875,38126500
2019-07-30,271.5171813964844,45849000
2019-07-31,268.546630859375,104245200
2019-08-01,266.2081604003906,142646600
2019-08-02,264.20367431640625,116749700
2019-08-05,256.2582702636719,178745400
2019-08-06,259.85174560546875,120711700
2019-08-07,260.0052490234375,140572300
2019-08-08,265.1066589355469,87713900
2019-08-09,263.3008728027344,93730000
2019-08-12,260.0955810546875,65527600
2019-08-13,264.1405029296875,94299800
2019-08-14,256.3305358886719,135622100
2019-08-15,257.0077209472656,99556600
2019-08-16,260.7997741699219,83018300
2019-08-19,263.9420166015625,53571800
2019-08-20,261.9194641113281,51596400
2019-08-21,264.05023193359375,49524700
2019-08-22,263.96905517578125,51666400
2019-08-23,257.1882629394531,149161500
2019-08-26,260.03240966796875,72423800
2019-08-27,259.0120849609375,66668900
2019-08-28,260.8359375,59696700
2019-08-29,264.1676025390625,57899400
2019-08-30,264.05023193359375,62901200
2019-09-03,262.5063171386719,69101400
2019-09-04,265.4858703613281,46887300
2019-09-05,268.8988952636719,83258100
2019-09-06,269.1064453125,49584300
2019-09-09,269.24188232421875,51260300
2019-09-10,269.1786804199219,57947100
2019-09-11,271.0927734375,68821100
2019-09-12,272.03179931640625,72908700
2019-09-13,271.8512878417969,62104800
2019-09-16,271.0115051269531,58191200
2019-09-17,271.6977233886719,41475500
2019-09-18,271.8602600097656,73375800
2019-09-19,271.84222412109375,76560500
2019-09-20,270.55780029296875,89565000
2019-09-23,270.4942626953125,43476800
2019-09-24,268.3717956542969,94869400
2019-09-25,269.9591369628906,71854000
2019-09-26,269.3968200683594,56179700
2019-09-27,267.94549560546875,84746600
2019-09-30,269.1881103515625,51662400
2019-10-01,265.9862060546875,88242400
2019-10-02,261.28765869140625,122539500
2019-10-03,263.4283752441406,85278800
2019-10-04,266.9930419921875,65091200
2019-10-07,265.8410339355469,59610500
2019-10-08,261.7139587402344,95708100
2019-10-09,264.1993408203125,62359400
2019-10-10,265.9862060546875,55296300
2019-10-11,268.74365234375,98720400
2019-10-14,268.44439697265625,40394800
2019-10-15,271.1019592285156,46754500
2019-10-16,270.6666259765625,48928200
2019-10-17,271.46490478515625,45736600
2019-10-18,270.2766418457031,64304000
2019-10-21,272.10888671875,39048600
2019-10-22,271.2200927734375,48594700
2019-10-23,272.0091247558594,34352200
2019-10-24,272.4534912109375,35453100
2019-10-25,273.5692443847656,45205400
2019-10-28,275.1112365722656,42147000
2019-10-29,275.02960205078125,44284900
2019-10-30,275.8731994628906,49643900
2019-10-31,275.138427734375,69053800
2019-11-01,277.687255859375,71141500
2019-11-04,278.80291748046875,60606900
2019-11-05,278.49456787109375,42933200
2019-11-06,278.5579833984375,46487100
2019-11-07,279.53765869140625,54272300
2019-11-08,280.2270812988281,49032100
2019-11-11,279.6919250488281,35797300
2019-11-12,280.281494140625,46484600
2019-11-13,280.3721923828125,53917700
2019-11-14,280.78033447265625,51219900
2019-11-15,282.81219482421875,62023600
2019-11-18,283.0207824707031,49228000
2019-11-19,282.9391174316406,67804700
2019-11-20,281.886962890625,79406200
2019-11-21,281.4334411621094,54664700
2019-11-22,282.05926513671875,44850200
2019-11-25,284.24530029296875,48647200
2019-11-26,284.88934326171875,37569000
2019-11-27,286.1592712402344,44444600
2019-11-29,285.0979309082031,36592700
2019-12-02,282.6760559082031,75767800
2019-12-03,280.78033447265625,73941700
2019-12-04,282.5128173828125,49080000
2019-12-05,283.0207824707031,40709000
2019-12-06,285.6058349609375,48927000
2019-12-09,284.70794677734375,34838500
2019-12-10,284.390380859375,52649800
2019-12-11,285.1977233886719,53429100
2019-12-12,287.6558837890625,96389600
2019-12-13,287.82818603515625,81503900
2019-12-16,289.8055725097656,82749700
2019-12-17,289.8690185546875,61097700
2019-12-18,289.8872375488281,48133000
2019-12-19,291.0755310058594,85310500
2019-12-20,292.3517150878906,147142100
2019-12-23,292.79827880859375,52990000
2019-12-24,292.8073425292969,20270000
2019-12-26,294.3660888671875,30911200
2019-12-27,294.2931213378906,42528800
2019-12-30,292.670654296875,49729100
2019-12-31,293.38165283203125,57077300
2020-01-02,296.1252746582031,59151200
2020-01-03,293.88299560546875,77709700
2020-01-06,295.0041809082031,55653900
2020-01-07,294.1745910644531,40496400
2020-01-08,295.742431640625,68296000
2020-01-09,297.7477722167969,48473300
2020-01-10,296.8910217285156,53029300
2020-01-13,298.9327392578125,47086800
2020-01-14,298.4770812988281,62832800
2020-01-15,299.15155029296875,72056600
2020-01-16,301.6399841308594,54050300
2020-01-17,302.57879638671875,95846000
2020-01-21,301.9863586425781,77742400
2020-01-22,302.0228576660156,48914900
2020-01-23,302.3692321777344,51963000
2020-01-24,299.6802062988281,87578400
2020-01-27,294.8765563964844,84062500
2020-01-28,297.9665832519531,63834000
2020-01-29,297.7204895019531,53888900
2020-01-30,298.6866760253906,75491800
2020-01-31,293.2630615234375,113845600
2020-02-03,295.441650390625,69083000
2020-02-04,299.9444274902344,62573200
2020-02-05,303.4082946777344,65951100
2020-02-06,304.4292907714844,50359700
2020-02-07,302.8067626953125,64139400
2020-02-10,305.0672912597656,42070000
2020-02-11,305.59600830078125,54864500
2020-02-12,307.5648193359375,43992700
2020-02-13,307.2367248535156,54501900
2020-02-14,307.7290344238281,64582200
2020-02-18,306.9358825683594,57226200
2020-02-19,308.4034423828125,48814700
2020-02-20,307.136474609375,74163400
2020-02-21,303.97344970703125,113788200
2020-02-24,293.8921203613281,161088400
2020-02-25,284.9864807128906,218913200
2020-02-26,283.9383239746094,194773800
2020-02-27,271.1861572265625,284353500
2020-02-28,270.04669189453125,384975800
2020-03-02,281.74151611328125,238703600
2020-03-03,273.6745910644531,300139100
2020-03-04,285.1778869628906,176613400
2020-03-05,275.6981201171875,186366800
2020-03-06,271.1405029296875,228667200
2020-03-09,249.96600341796875,309417300
2020-03-10,262.9003601074219,276444100
2020-03-11,250.08444213867188,255316300
2020-03-12,226.15711975097656,392220700
2020-03-13,245.4903564453125,329566100
2020-03-16,218.6279296875,297240000
2020-03-17,230.43211364746094,262070500
2020-03-18,218.76467895507812,327597100
2020-03-19,219.22952270507812,289322000
2020-03-20,209.78199768066406,347158800
2020-03-23,204.4182586669922,326025200
2020-03-24,222.93922424316406,235494500
2020-03-25,226.27667236328125,299430300
2020-03-26,239.4889373779297,257632800
2020-03-27,232.35556030273438,224341200
2020-03-30,239.90142822265625,171369500
2020-03-31,236.32565307617188,194881100
2020-04-01,225.68983459472656,189554600
2020-04-02,230.89773559570312,177660400
2020-04-03,227.560302734375,135561200
2020-04-06,242.8446807861328,188061200
2020-04-07,243.09222412109375,201427200
2020-04-08,251.25241088867188,153774500
2020-04-09,255.0758056640625,189999200
2020-04-13,252.7469482421875,114839100
2020-04-14,260.2012634277344,134143400
2020-04-15,254.67247009277344,121775000
2020-04-16,255.9010009765625,131798300
2020-04-17,262.81427001953125,146684800
2020-04-20,258.18408203125,100109300
2020-04-21,250.34475708007812,126385700
2020-04-22,255.9010009765625,92951600
2020-04-23,255.88265991210938,104709700
2020-04-24,259.4493408203125,85063200
2020-04-27,263.190185546875,77896600
2020-04-28,261.9799499511719,105270000
2020-04-29,268.8381652832031,118745600
2020-04-30,266.3351135253906,122901700
2020-05-01,259.28424072265625,125180000
2020-05-04,259.99951171875,80873200
2020-05-05,262.4015808105469,79569900
2020-05-06,260.6229248046875,73632600
2020-05-07,263.7677917480469,75250400
2020-05-08,268.13226318359375,76452400
2020-05-11,268.18719482421875,79514200
2020-05-12,262.8418273925781,95870800
2020-05-13,258.19329833984375,144721100
2020-05-14,261.2831115722656,121977900
2020-05-15,262.48431396484375,111146300
2020-05-18,270.4794006347656,119703800
2020-05-19,267.7012634277344,95189300
2020-05-20,272.2489929199219,85861700
2020-05-21,270.3694152832031,78293900
2020-05-22,270.8827819824219,63958200
2020-05-26,274.22027587890625,88951400
2020-05-27,278.3004150390625,104817400
2020-05-28,277.78692626953125,90405200
2020-05-29,279.02471923828125,119090800
2020-06-01,280.1524963378906,55758300
2020-06-02,282.47210693359375,74267200
2020-06-03,286.2313537597656,92567600
2020-06-04,285.4796142578125,75794400
2020-06-05,292.7961730957031,150524700
2020-06-08,296.33544921875,73641200
2020-06-09,294.125732421875,77479200
2020-06-10,292.4845886230469,95000800
2020-06-11,275.6230773925781,209243600
2020-06-12,278.923828125,194678900
2020-06-15,281.5278015136719,135782700
2020-06-16,286.94659423828125,137627500
2020-06-17,285.75457763671875,83398900
2020-06-18,285.8646545410156,80828700
2020-06-19,284.23095703125,135549600
2020-06-22,286.05438232421875,74649400
2020-06-23,287.371337890625,68471200
2020-06-24,280.040771484375,132813500
2020-06-25,283.0429992675781,89468000
2020-06-26,276.3202819824219,127961000
2020-06-29,280.38153076171875,79773300
2020-06-30,283.9730529785156,113394800
2020-07-01,285.9623107910156,72396500
2020-07-02,287.5370788574219,69344200
2020-07-06,291.9757995605469,61713800
2020-07-07,288.9644470214844,82910000
2020-07-08,291.17462158203125,54638600
2020-07-09,289.5169982910156,83354200
2020-07-10,292.47314453125,57550400
2020-07-13,289.9405212402344,102997500
2020-07-14,293.69793701171875,93657000
2020-07-15,296.39617919921875,87196500
2020-07-16,295.4200134277344,54622500
2020-07-17,296.2764892578125,62774900
2020-07-20,298.6708984375,56308800
2020-07-21,299.30633544921875,57292200
2020-07-22,301.0099182128906,57792900
2020-07-23,297.41839599609375,75738000
2020-07-24,295.5029296875,73766600
2020-07-27,297.6578674316406,48293000
2020-07-28,295.7699890136719,57495000
2020-07-29,299.4076232910156,48454200
2020-07-30,298.3393249511719,61861700
2020-07-31,300.6968994140625,84986800
2020-08-03,302.7873229980469,53077900
2020-08-04,303.9569091796875,41917900
2020-08-05,305.8447570800781,42697700
2020-08-06,307.8892517089844,43679400
2020-08-07,308.1102600097656,57308300
2020-08-10,309.0310974121094,44282100
2020-08-11,306.4802551269531,69601100
2020-08-12,310.7532958984375,53774400
2020-08-13,310.1914978027344,41816100
2020-08-14,310.2007141113281,47260400
2020-08-17,311.18609619140625,35481000
2020-08-18,311.8583984375,38733900
2020-08-19,310.5599365234375,68054200
2020-08-20,311.52691650390625,42207800
2020-08-21,312.6319580078125,55106600
2020-08-24,315.7998962402344,48588700
2020-08-25,316.90496826171875,38463400
2020-08-26,320.08209228515625,50790200
2020-08-27,320.7820129394531,58034100
2020-08-28,322.8541259765625,48588900
2020-08-31,321.6845397949219,66099200
2020-09-01,324.7143249511719,54908700
2020-09-02,329.4110107421875,69540000
2020-09-03,318.0745849609375,148011100
2020-09-04,315.4775695800781,139156300
2020-09-08,306.85784912109375,114465300
2020-09-09,312.91741943359375,91462300
2020-09-10,307.4840393066406,90569500
2020-09-11,307.64056396484375,84680200
2020-09-14,311.6925354003906,65605700
2020-09-15,313.2674255371094,52920900
2020-09-16,312.02410888671875,82096000
2020-09-17,309.27978515625,91523300
2020-09-18,305.7191162109375,105877900
2020-09-21,302.3166198730469,99450800
2020-09-22,305.39544677734375,63612100
2020-09-23,298.31317138671875,93112200
2020-09-24,299.10821533203125,76681300
2020-09-25,303.94390869140625,71069400
2020-09-28,308.9922180175781,64584600
2020-09-29,307.3094482421875,51304000
2020-09-30,309.6394958496094,104081100
2020-10-01,311.6273193359375,88698700
2020-10-02,308.66876220703125,89431100
2020-10-05,314.1423034667969,45713100
2020-10-06,309.6764831542969,90128900
2020-10-07,315.06689453125,56999600
2020-10-08,317.8591613769531,45242500
2020-10-09,320.6976623535156,59528600
2020-10-12,325.8569030761719,80388500
2020-10-13,323.7303161621094,73255500
2020-10-14,321.6962585449219,57727900
2020-10-15,321.2987060546875,60357700
2020-10-16,321.1045227050781,89501900
2020-10-19,316.22259521484375,68425600
2020-10-20,317.4893798828125,60051900
2020-10-21,316.888427734375,63575000
2020-10-22,318.6265563964844,55399300
2020-10-23,319.7083740234375,49143900
2020-10-26,313.80023193359375,91473000
2020-10-27,312.71844482421875,65994100
2020-10-28,302.0300598144531,127094300
2020-10-29,305.0997619628906,90597700
2020-10-30,301.9190979003906,120287300
2020-11-02,305.3030700683594,86068300
2020-11-03,310.693603515625,93294200
2020-11-04,317.63726806640625,126959700
2020-11-05,323.8320617675781,82039700
2020-11-06,323.7582092285156,74973000
2020-11-09,327.8263244628906,172304200
2020-11-10,327.3455810546875,85552000
2020-11-11,329.7773132324219,58649000
2020-11-12,326.57806396484375,67546200
2020-11-13,331.09942626953125,62892200
2020-11-16,335.2324523925781,74541100
2020-11-17,333.4294738769531,66111000
2020-11-18,329.4165954589844,70591300
2020-11-19,330.80364990234375,59940900
2020-11-20,328.53826904296875,70417300
2020-11-23,330.5076904296875,63230600
2020-11-24,335.83343505859375,62415900
2020-11-25,335.31573486328125,45330900
2020-11-27,336.24951171875,28514100
2020-11-30,334.7608947753906,83872700
2020-12-01,338.4222412109375,74231400
2020-12-02,339.1341857910156,45927000
2020-12-03,339.0417175292969,62882000
2020-12-04,341.9635009765625,50749900
2020-12-07,341.2608337402344,48944300
2020-12-08,342.2594299316406,42458900
2020-12-09,339.18975830078125,74098300
2020-12-10,339.0787658691406,57735400
2020-12-11,338.68109130859375,57698600
2020-12-14,337.1647644042969,69216200
2020-12-15,341.72314453125,63865300
2020-12-16,342.2594299316406,58420500
2020-12-17,344.1732482910156,64119500
2020-12-18,342.7990417480469,136542300
2020-12-21,341.5733642578125,96386700
2020-12-22,340.9976806640625,47949000
2020-12-23,341.3040771484375,46201400
2020-12-24,342.6318664550781,26457900
2020-12-28,345.57537841796875,39000400
2020-12-29,344.9161376953125,53680500
2020-12-30,345.40826416015625,49455300
2020-12-31,347.1631774902344,78520700
2021-01-04,342.43695068359375,110210800
2021-01-05,344.79547119140625,66426200
2021-01-06,346.8567810058594,107997700
2021-01-07,352.0101623535156,68766800
2021-01-08,354.015869140625,71677200
2021-01-11,351.6294860839844,51034700
2021-01-12,351.7037048339844,52547700
2021-01-13,352.6508483886719,45303600
2021-01-14,351.4158935546875,49989100
2021-01-15,348.8531188964844,107160000
2021-01-19,351.5923156738281,51233300
2021-01-20,356.45794677734375,61836100
2021-01-21,356.7828674316406,47840100
2021-01-22,355.5201110839844,52860500
2021-01-25,356.9222412109375,70402000
2021-01-26,356.3650207519531,42665300
2021-01-27,347.6553039550781,123351100
2021-01-28,350.6452331542969,94198100
2021-01-29,343.6255187988281,126765100
2021-02-01,349.3453063964844,75817600
2021-02-02,354.2851257324219,64450700
2021-02-03,354.56365966796875,52427100
2021-02-04,358.5935363769531,47142600
2021-02-05,360.0048522949219,48669800
2021-02-08,362.6048278808594,38365200
2021-02-09,362.36346435546875,35551100
2021-02-10,362.20556640625,59154400
2021-02-11,362.7905578613281,42913300
2021-02-12,364.5826416015625,50593300
2021-02-16,364.266845703125,50972400
2021-02-17,364.35052490234375,52290600
2021-02-18,362.7998962402344,59712800
2021-02-19,362.15911865234375,83241000
2021-02-22,359.3735046386719,67414200
2021-02-23,359.8099670410156,107284100
2021-02-24,363.7747497558594,72433900
2021-02-25,355.0093994140625,146670500
2021-02-26,353.18011474609375,152701600
2021-03-01,361.7413635253906,105348800
2021-03-02,358.91864013671875,79595300
2021-03-03,354.1643981933594,119940200
2021-03-04,349.7817077636719,183433000
2021-03-05,356.2165222167969,152039600
2021-03-08,354.4429016113281,123149200
2021-03-09,359.5035400390625,113633600
2021-03-10,361.7413635253906,109899400
2021-03-11,365.4090881347656,86245000
2021-03-12,365.90118408203125,64653600
2021-03-15,368.083251953125,73427200
2021-03-16,367.6189880371094,73722500
2021-03-17,368.8725280761719,97959300
2021-03-18,363.5055847167969,115349100
2021-03-19,362.8329772949219,113624500
2021-03-22,365.73016357421875,73778600
2021-03-23,362.8516540527344,90686600
2021-03-24,361.00701904296875,97588600
2021-03-25,363.0378723144531,116128600
2021-03-26,368.8882751464844,114409100
2021-03-29,368.7019348144531,108107600
2021-03-30,367.72381591796875,76262200
2021-03-31,369.2142333984375,112734200
2021-04-01,373.20147705078125,99682900
2021-04-05,378.5580749511719,91684800
2021-04-06,378.3345031738281,62021000
2021-04-07,378.7723083496094,55836300
2021-04-08,380.5703125,57863100
2021-04-09,383.3370361328125,61104600
2021-04-12,383.4768371582031,56704900
2021-04-13,384.6133117675781,56551000
2021-04-14,383.29986572265625,61659900
2021-04-15,387.41748046875,60229800
2021-04-16,388.7123107910156,82037300
2021-04-19,386.80255126953125,78498500
2021-04-20,383.97052001953125,81851800
2021-04-21,387.6037292480469,66793000
2021-04-22,384.0637512207031,97582800
2021-04-23,388.2279357910156,73209200
2021-04-26,389.0383605957031,52182400
2021-04-27,388.9545593261719,51303100
2021-04-28,388.8426818847656,51238900
2021-04-29,391.32073974609375,78544300
2021-04-30,388.7496032714844,85527000
2021-05-03,389.58807373046875,68128300
2021-05-04,387.1845397949219,101591200
2021-05-05,387.30560302734375,60162200
2021-05-06,390.39849853515625,74321400
2021-05-07,393.2397766113281,67733800
2021-05-10,389.34576416015625,81852400
2021-05-11,385.8709716796875,116888000
2021-05-12,377.6731872558594,134811000
2021-05-13,382.2098388671875,106394000
2021-05-14,388.07879638671875,82201600
2021-05-17,387.0914001464844,65129200
2021-05-18,383.75634765625,59810200
2021-05-19,382.7501525878906,106467100
2021-05-20,386.86773681640625,78022200
2021-05-21,386.5510559082031,76578700
2021-05-24,390.4916687011719,51376700
2021-05-25,389.6252746582031,57451400
2021-05-26,390.39849853515625,43088600
2021-05-27,390.6034240722656,56707700
2021-05-28,391.3020935058594,58520200
2021-06-01,390.9574279785156,54216600
2021-06-02,391.5722961425781,49097100
2021-06-03,390.1189880371094,58138800
2021-06-04,393.6868896484375,55938800
2021-06-07,393.3050537109375,51555000
2021-06-08,393.3888244628906,47134300
2021-06-09,392.8019714355469,48436300
2021-06-10,394.62786865234375,51020100
2021-06-11,395.2799987792969,45570800
2021-06-14,396.16497802734375,42358500
2021-06-15,395.43841552734375,51508500
2021-06-16,393.23040771484375,80386100
2021-06-17,393.1000061035156,90949700
2021-06-18,387.7970275878906,118676300
2021-06-21,393.3486633300781,72822000
2021-06-22,395.4515686035156,57700300
2021-06-23,394.9749755859375,49445400
2021-06-24,397.3115234375,45110300
2021-06-25,398.72283935546875,58129500
2021-06-28,399.5265808105469,53159600
2021-06-29,399.7416076660156,35970500
2021-06-30,400.0780334472656,64827900
2021-07-01,402.2931213378906,53441000
2021-07-02,405.3680419921875,57697700
2021-07-06,404.6296081542969,68710400
2021-07-07,406.0596618652344,63549500
2021-07-08,402.75115966796875,97595200
2021-07-09,407.0503845214844,76238600
2021-07-12,408.50830078125,52889600
2021-07-13,407.1158142089844,52911300
2021-07-14,407.7232360839844,64130400
2021-07-15,406.33074951171875,55126400
2021-07-16,403.14361572265625,75874700
2021-07-19,397.19000244140625,147987000
2021-07-20,402.8819885253906,99608200
2021-07-21,406.143798828125,64724400
2021-07-22,406.9942932128906,47878500
2021-07-23,411.18145751953125,63766600
2021-07-26,412.19091796875,43719200
2021-07-27,410.3122253417969,67397100
2021-07-28,410.14398193359375,52472400
2021-07-29,411.84503173828125,47435300
2021-07-30,409.8450012207031,68951200
2021-08-02,408.985107421875,58783300
2021-08-03,412.3122863769531,58053900
2021-08-04,410.2842102050781,46732200
2021-08-05,412.882568359375,38969700
2021-08-06,413.5647277832031,46930000
2021-08-09,413.2283630371094,41222600
2021-08-10,413.7422790527344,43339300
2021-08-11,414.7703857421875,44034300
2021-08-12,416.0134582519531,38909400
2021-08-13,416.77056884765625,39470300
2021-08-16,417.7518615722656,73740000
2021-08-17,415.01336669921875,92673900
2021-08-18,410.47113037109375,89351900
2021-08-19,411.106689453125,92812200
2021-08-20,414.37786865234375,72008700
2021-08-23,418.02301025390625,54973000
2021-08-24,418.6864929199219,38744700
2021-08-25,419.56512451171875,40529700
2021-08-26,417.0883483886719,57829600
2021-08-27,420.8175048828125,77235100
2021-08-30,422.6680603027344,48357400
2021-08-31,422.0418395996094,59300200
2021-09-01,422.2662048339844,48721400
2021-09-02,423.5653076171875,42501000
2021-09-03,423.46246337890625,47170500
2021-09-07,421.9483642578125,51671500
2021-09-08,421.434326171875,56181900
2021-09-09,419.6305236816406,57970400
2021-09-10,416.3218688964844,89948200
2021-09-13,417.3873596191406,83738600
2021-09-14,415.1349182128906,78197100
2021-09-15,418.60235595703125,78792200
2021-09-16,417.9388122558594,77786700
2021-09-17,413.86767578125,118425000
2021-09-20,406.9667663574219,166445500
2021-09-21,406.5823059082031,92526100
2021-09-22,410.5484924316406,102350100
2021-09-23,415.53662109375,76396000
2021-09-24,416.2210693359375,62094800
2021-09-27,415.0302734375,61371100
2021-09-28,406.6667175292969,130436300
2021-09-29,407.3512268066406,82329200
2021-09-30,402.3723449707031,140506000
2021-10-01,407.1542663574219,129240100
2021-10-04,401.9035949707031,128570000
2021-10-05,406.08538818359375,90682500
2021-10-06,407.77313232421875,113032200
2021-10-07,411.2986145019531,72437500
2021-10-08,410.5484924316406,74557400
2021-10-11,407.5762939453125,65233300
2021-10-12,406.57293701171875,71181200
2021-10-13,408.03564453125,72974000
2021-10-14,414.8990173339844,70236800
2021-10-15,418.058837890625,66260200
2021-10-18,419.29656982421875,62213200
2021-10-19,422.5313720703125,46996800
2021-10-20,424.19091796875,49571600
2021-10-21,425.2973327636719,41305400
2021-10-22,424.85662841796875,58845100
2021-10-25,427.13507080078125,45214500
2021-10-26,427.5195007324219,56075100
2021-10-27,425.6255187988281,72438000
2021-10-28,429.7323303222656,51437900
2021-10-29,430.60430908203125,70162400
2021-11-01,431.3450012207031,48433600
2021-11-02,433.0889892578125,48908400
2021-11-03,435.7331237792969,52509800
2021-11-04,437.7864685058594,52847100
2021-11-05,439.30548095703125,66390600
2021-11-08,439.68048095703125,50405200
2021-11-09,438.2271728515625,51149100
2021-11-10,434.7016906738281,69429700
2021-11-11,434.84228515625,34848500
2021-11-12,438.1239929199219,53466700
2021-11-15,438.27410888671875,46980500
2021-11-16,440.0086669921875,48857500
2021-11-17,438.9397277832031,47858300
2021-11-18,440.43060302734375,50625600
2021-11-19,439.6429748535156,57315600
2021-11-22,438.40533447265625,72762000
2021-11-23,438.98663330078125,73206500
2021-11-24,440.15869140625,61858800
2021-11-26,430.3417663574219,112669600
2021-11-29,435.62060546875,86268800
2021-11-30,427.1444396972656,148559600
2021-12-01,422.4001159667969,131939200
2021-12-02,428.86968994140625,127637800
2021-12-03,425.1379089355469,137331600
2021-12-06,430.1730041503906,98977500
2021-12-07,439.07098388671875,95484700
2021-12-08,440.2336730957031,72238800
2021-12-09,437.2614440917969,61272600
2021-12-10,441.37762451171875,77159800
2021-12-13,437.4676513671875,87724700
2021-12-14,434.4579772949219,97264100
2021-12-15,441.24639892578125,116899300
2021-12-16,437.3551330566406,116568600
2021-12-17,432.7004699707031,135511600
2021-12-20,428.099365234375,107134800
2021-12-21,435.7020263671875,69806300
2021-12-22,440.05841064453125,58890200
2021-12-23,442.79656982421875,56439700
2021-12-27,449.0630798339844,56808600
2021-12-28,448.6961669921875,47274600
2021-12-29,449.2700500488281,54503000
2021-12-30,448.028076171875,55329000
2021-12-31,446.89898681640625,65237400
2022-01-03,449.4864501953125,72668200
2022-01-04,449.3359375,71178700
2022-01-05,440.7076721191406,104538900
2022-01-06,440.2936706542969,86858900
2022-01-07,438.552978515625,85111600
2022-01-10,438.00726318359375,119362000
2022-01-11,441.9967041015625,74303100
2022-01-12,443.1916809082031,67605400
2022-01-13,437.085205078125,91173100
2022-01-14,437.2639465332031,95890900
2022-01-18,429.52020263671875,109709100
2022-01-19,425.0601806640625,109357600
2022-01-20,420.3555908203125,122379700
2022-01-21,412.1037902832031,202271200
2022-01-24,413.8537902832031,251783900
2022-01-25,408.8011169433594,167997300
2022-01-26,407.7755126953125,186391100
2022-01-27,405.761962890625,149878300
2022-01-28,415.8392028808594,164457400
2022-01-31,423.328857421875,152251400
2022-02-01,426.1893310546875,123155400
2022-02-02,430.32928466796875,117361000
2022-02-03,420.2145080566406,118024400
2022-02-04,422.1903991699219,118454400
2022-02-07,420.8355407714844,84472900
2022-02-08,424.2979736328125,81012000
2022-02-09,430.5081481933594,92589900
2022-02-10,422.77374267578125,140103700
2022-02-11,414.4372253417969,153214600
2022-02-14,413.0823059082031,123006300
2022-02-15,419.7440490722656,88482700
2022-02-16,420.2145080566406,84863600
2022-02-17,411.23809814453125,102259100
2022-02-18,408.5752868652344,132642900
2022-02-22,404.1906433105469,124391800
2022-02-23,397.0208740234375,132578000
2022-02-24,402.99566650390625,213942900
2022-02-25,411.8873596191406,121804500
2022-02-28,410.83355712890625,145615000
2022-03-01,404.5763854980469,137785900
2022-03-02,412.01904296875,117726500
2022-03-03,409.9678039550781,105501700
2022-03-04,406.6369934082031,113978200
2022-03-07,394.649658203125,137896600
2022-03-08,391.6575927734375,164772700
2022-03-09,402.158203125,116990800
2022-03-10,400.3423156738281,93972700
2022-03-11,395.2519226074219,95636300
2022-03-14,392.3633117675781,95729200
2022-03-15,400.9914855957031,106219100
2022-03-16,409.8831787109375,144954800
2022-03-17,415.01123046875,102676900
2022-03-18,419.5566711425781,106345500
2022-03-21,419.4340515136719,88349800
2022-03-22,424.34197998046875,74650400
2022-03-23,418.877197265625,79426100
2022-03-24,425.1914978027344,64736900
2022-03-25,427.26788330078125,77101300
2022-03-28,430.30712890625,68529800
2022-03-29,435.6303405761719,86581500
2022-03-30,432.9404296875,79666900
2022-03-31,426.27685546875,121699900
2022-04-01,427.4849853515625,89048800
2022-04-04,431.1470947265625,59601000
2022-04-05,425.70111083984375,74214500
2022-04-06,421.4444274902344,106898000
2022-04-07,423.5680236816406,78097200
2022-04-08,422.4354553222656,79272700
2022-04-11,415.2150573730469,89770500
2022-04-12,413.6766052246094,84363600
2022-04-13,418.4146423339844,74070400
2022-04-14,413.20465087890625,97869500
2022-04-18,413.3745422363281,66002500
2022-04-19,420.0475158691406,77821000
2022-04-20,419.73602294921875,65224400
2022-04-21,413.45947265625,85417300
2022-04-22,402.11456298828125,132471800
2022-04-25,404.44573974609375,119647700
2022-04-26,392.7327575683594,103996300
2022-04-27,393.8370056152344,122030000
2022-04-28,403.7851257324219,105449100
2022-04-29,388.8630065917969,145491100
2022-05-02,391.2036437988281,158312500
2022-05-03,392.9970397949219,100028200
2022-05-04,404.96484375,144247900
2022-05-05,390.57135009765625,172929100
2022-05-06,388.2400817871094,151770800
2022-05-09,375.8096618652344,155586100
2022-05-10,376.677978515625,132497200
2022-05-11,370.6940612792969,142361000
2022-05-12,370.30694580078125,125090800
2022-05-13,379.1603088378906,104174400
2022-05-16,377.6217956542969,78622400
2022-05-17,385.3896484375,83029700
2022-05-18,369.85400390625,117674500
2022-05-19,367.5887145996094,98510700
2022-05-20,367.74920654296875,131432200
2022-05-23,374.6297912597656,76414900
2022-05-24,371.76995849609375,91448800
2022-05-25,375.0545654296875,91472900
2022-05-26,382.54864501953125,82168300
2022-05-27,391.93994140625,84768700
2022-05-31,389.74072265625,95937000
2022-06-01,386.5883483886719,86585800
2022-06-02,393.95025634765625,79609600
2022-06-03,387.4849853515625,71874300
2022-06-06,388.6647644042969,57508900
2022-06-07,392.3929748535156,59272400
2022-06-08,388.12677001953125,64350000
2022-06-09,378.8959655761719,86289800
2022-06-10,367.9096984863281,132893900
2022-06-13,353.9408264160156,170004900
2022-06-14,352.8742370605469,104011800
2022-06-15,357.90496826171875,125666800
2022-06-16,346.0596923828125,134473300
2022-06-17,346.8056640625,111113900
2022-06-21,355.5361022949219,76811900
2022-06-22,354.89154052734375,90059400
2022-06-23,358.3703918457031,79292100
2022-06-24,369.7643737792969,98050300
2022-06-27,368.3519287109375,66009600
2022-06-28,360.8254699707031,86548900
2022-06-29,360.5316162109375,65676000
2022-06-30,357.60260009765625,112508300
2022-07-01,361.3847351074219,74839700
2022-07-05,362.0672302246094,81438000
2022-07-06,363.29010009765625,70426200
2022-07-07,368.7311096191406,64525900
2022-07-08,368.4278259277344,72397800
2022-07-11,364.2190246582031,58366900
2022-07-12,360.99603271484375,62219200
2022-07-13,359.1002502441406,84224600
2022-07-14,358.2281799316406,89704800
2022-07-15,365.07220458984375,79060400
2022-07-18,362.0577392578125,63203600
2022-07-19,371.84027099609375,78506000
2022-07-20,374.2100524902344,71843800
2022-07-21,378.020751953125,64903900
2022-07-22,374.5133972167969,72197300
2022-07-25,374.96844482421875,53631500
2022-07-26,370.5321960449219,52946400
2022-07-27,380.15362548828125,82342100
2022-07-28,384.92156982421875,73966600
2022-07-29,390.53326416015625,87003700
2022-08-01,389.3768005371094,69997500
2022-08-02,386.80792236328125,63435400
2022-08-03,392.8651123046875,67820600
2022-08-04,392.5997619628906,45656600
2022-08-05,391.9361877441406,56814900
2022-08-08,391.4811706542969,53886100
2022-08-09,389.9266662597656,44931800
2022-08-10,398.11663818359375,68665700
2022-08-11,398.11663818359375,59489700
2022-08-12,404.8563537597656,61694500
2022-08-15,406.5246276855469,54048300
2022-08-16,407.3208923339844,59289000
2022-08-17,404.4297790527344,63563400
2022-08-18,405.6051940917969,49023200
2022-08-19,400.15472412109375,68016900
2022-08-22,391.82244873046875,77695600
2022-08-23,390.8744812011719,49105200
2022-08-24,392.1257629394531,49177800
2022-08-25,397.66162109375,50942300
2022-08-26,384.2011413574219,103087000
2022-08-29,381.6607666015625,65370800
2022-08-30,377.4709777832031,85652400
2022-08-31,374.5987548828125,76029700
2022-09-01,375.7741394042969,78740100
2022-09-02,371.8119201660156,99632100
2022-09-06,370.408935546875,76637400
2022-09-07,377.0633850097656,70964200
2022-09-08,379.5279235839844,80821700
2022-09-09,385.4240417480469,76706900
2022-09-12,389.56640625,69256300
2022-09-13,372.6270751953125,122947100
2022-09-14,374.0489807128906,85023700
2022-09-15,369.8022766113281,87633800
2022-09-16,366.9811096191406,103084800
2022-09-19,369.8269958496094,73278500
2022-09-20,365.5818786621094,77274900
2022-09-21,359.2047424316406,106746600
2022-09-22,356.1875,89472600
2022-09-23,350.21966552734375,122346900
2022-09-26,346.7550354003906,92581200
2022-09-27,345.8699035644531,108294100
2022-09-28,352.6753845214844,110802200
2022-09-29,345.30828857421875,112952300
2022-09-30,339.9685974121094,153711200
2022-10-03,348.94415283203125,89756500
2022-10-04,359.7568054199219,103602800
2022-10-05,358.9192810058594,88065700
2022-10-06,355.2167053222656,82333500
2022-10-07,345.30828857421875,107789500
2022-10-10,342.67181396484375,76042800
2022-10-11,340.501708984375,92482800
2022-10-12,339.3784484863281,76991800
2022-10-13,348.33502197265625,147254500
2022-10-14,340.3969421386719,123737000
2022-10-17,349.14410400390625,93168200
2022-10-18,353.2464599609375,97162900
2022-10-19,350.7431335449219,79746900
2022-10-20,347.80206298828125,88283100
2022-10-21,356.254150390625,131038400
2022-10-24,360.6134033203125,85436900
2022-10-25,366.3719787597656,78846300
2022-10-26,363.6116638183594,104087300
2022-10-27,361.66998291015625,81971800
2022-10-28,370.2743225097656,100302000
2022-10-31,367.59979248046875,96631300
2022-11-01,365.9912109375,85407600
2022-11-02,356.8061828613281,126990400
2022-11-03,353.13226318359375,87100100
2022-11-04,358.21484375,103505200
2022-11-07,361.6414489746094,68286900
2022-11-08,363.5926208496094,84641100
2022-11-09,356.1018981933594,78495500
2022-11-10,375.671142578125,141455800
2022-11-11,379.3070983886719,93839900
2022-11-14,376.0804443359375,71903500
2022-11-15,379.2879638671875,93194500
2022-11-16,376.3945007324219,68508500
2022-11-17,375.2427673339844,74496300
2022-11-18,376.9465637207031,92922500
2022-11-21,375.5760192871094,51243200
2022-11-22,380.630126953125,60429000
2022-11-23,383.0286865234375,68261600
2022-11-25,382.9430236816406,30545400
2022-11-28,376.8323974609375,67881600
2022-11-29,376.18511962890625,52310000
2022-11-30,388.0351867675781,144566700
2022-12-01,387.7497253417969,76398200
2022-12-02,387.30230712890625,85342700
2022-12-05,380.33502197265625,77289800
2022-12-06,374.85247802734375,77972200
2022-12-07,374.2148742675781,65927900
2022-12-08,377.14642333984375,60737900
2022-12-09,374.3291015625,81447700
2022-12-12,379.72589111328125,75405800
2022-12-13,382.60040283203125,123782500
2022-12-14,380.15423583984375,108111300
2022-12-15,370.85498046875,117705900
2022-12-16,366.4765930175781,119858000
2022-12-19,363.3690490722656,79878100
2022-12-20,363.8661804199219,74427200
2022-12-21,369.30694580078125,78167400
2022-12-22,364.0382995605469,100120900
2022-12-23,366.1324157714844,59857300
2022-12-27,364.6885681152344,51638200
2022-12-28,360.15625,70911500
2022-12-29,366.63909912109375,66970900
2022-12-30,365.6734924316406,84022200
2023-01-03,364.1339416503906,74850700
2023-01-04,366.9451599121094,85934100
2023-01-05,362.7571105957031,76970500
2023-01-06,371.0758056640625,104189600
2023-01-09,370.86553955078125,73978100
2023-01-10,373.46630859375,65358100
2023-01-11,378.1898193359375,68881100
2023-01-12,379.5667419433594,90157700
2023-01-13,381.0392761230469,63903900
2023-01-17,380.3412780761719,62677300
2023-01-18,374.33642578125,99632300
2023-01-19,371.611328125,86958900
2023-01-20,378.53411865234375,91806400
2023-01-23,383.075927734375,84178800
2023-01-24,382.6647644042969,59524900
2023-01-25,382.8082275390625,84800300
2023-01-26,387.0154724121094,72287400
2023-01-27,387.9046630859375,68346200
2023-01-30,383.0377502441406,74202000
2023-01-31,388.669677734375,86811800
2023-02-01,392.8003234863281,101459200
2023-02-02,398.5183410644531,101654500
2023-02-03,394.2823791503906,94736800
2023-02-06,391.8728332519531,60295300
2023-02-07,396.99798583984375,90990700
2023-02-08,392.6568908691406,76227500
2023-02-09,389.2528991699219,78694900
2023-02-10,390.16131591796875,70769700
2023-02-13,394.741455078125,64913500
2023-02-14,394.5597229003906,88389300
2023-02-15,395.84100341796875,61555700
2023-02-16,390.39080810546875,76431500
2023-02-17,389.41552734375,89257800
2023-02-21,381.6034851074219,82655900
2023-02-22,381.0775451660156,83742300
2023-02-23,383.1046447753906,96242400
2023-02-24,379.01220703125,108194400
2023-02-27,380.3030700683594,80444700
2023-02-28,378.8974609375,96438600
2023-03-01,377.4440612792969,99706800
2023-03-02,380.37957763671875,85127800
2023-03-03,386.4799499511719,90120000
2023-03-06,386.747802734375,72795900
2023-03-07,380.81939697265625,108310600
2023-03-08,381.44097900390625,74746600
2023-03-09,374.40338134765625,111945300
2023-03-10,369.00091552734375,189253000
2023-03-13,368.4750061035156,157790000
2023-03-14,374.5659484863281,149752400
2023-03-15,372.2232971191406,172996900
2023-03-16,378.7540283203125,143254200
2023-03-17,374.3253479003906,140553400
2023-03-20,377.9246826171875,93055800
2023-03-21,382.8871154785156,91524200
2023-03-22,376.3602294921875,111746600
2023-03-23,377.3775939941406,119351300
2023-03-24,379.8539733886719,107682400
2023-03-27,380.5642395019531,74010400
2023-03-28,379.71002197265625,62871700
2023-03-29,385.2290344238281,77497900
2023-03-30,387.4847106933594,69840000
2023-03-31,392.94610595703125,112062600
2023-04-03,394.4434509277344,67391100
2023-04-04,392.25506591796875,66601500
2023-04-05,391.2280578613281,65200200
2023-04-06,392.7541809082031,63743300
2023-04-10,393.1572265625,63681000
2023-04-11,393.2628479003906,59297900
2023-04-12,391.659912109375,86420400
2023-04-13,396.86224365234375,85814800
2023-04-14,395.8927917480469,78161500
2023-04-17,397.3133850097656,66436400
2023-04-18,397.572509765625,63560000
2023-04-19,397.5054016113281,55227300
2023-04-20,395.33612060546875,75840400
2023-04-21,395.6432800292969,73457400
2023-04-24,396.0560302734375,64332100
2023-04-25,389.76910400390625,97766700
2023-04-26,388.1181335449219,80447000
2023-04-27,395.8447570800781,92968400
2023-04-28,399.2234802246094,89433100
2023-05-01,398.8202819824219,62122300
2023-05-02,394.3378601074219,103998500
2023-05-03,391.6311340332031,91531800
2023-05-04,388.8572692871094,94901900
2023-05-05,396.0560302734375,87891800
2023-05-08,396.1615295410156,50046800
2023-05-09,394.4241638183594,49220100
2023-05-10,396.26715087890625,96142900
2023-05-11,395.5760192871094,70157100
2023-05-12,395.0577392578125,70481500
2023-05-15,396.4207458496094,54289400
2023-05-16,393.7715759277344,57705500
2023-05-17,398.5514831542969,87287000
2023-05-18,402.390869140625,97177200
2023-05-19,401.805419921875,103793300
2023-05-22,401.9685363769531,60745400
2023-05-23,397.4573059082031,86383500
2023-05-24,394.57781982421875,89213700
2023-05-25,397.99481201171875,90961600
2023-05-26,403.1491394042969,93830000
2023-05-30,403.302734375,72216000
2023-05-31,401.0663146972656,110811800
2023-06-01,404.8768005371094,88865000
2023-06-02,410.7318420410156,91426200
2023-06-05,409.94482421875,65460200
2023-06-06,410.8373718261719,64022200
2023-06-07,409.4168395996094,85373300
2023-06-08,411.89324951171875,61952800
2023-06-09,412.63226318359375,85742800
2023-06-12,416.37567138671875,76104300
2023-06-13,419.1207580566406,95899700
2023-06-14,419.619873046875,100612100
2023-06-15,424.8221740722656,110303100
2023-06-16,423.3751525878906,114165800
2023-06-20,421.1785583496094,76160400
2023-06-21,419.0205993652344,76982300
2023-06-22,420.5330810546875,70637200
2023-06-23,417.3538818359375,92074500
2023-06-26,415.64874267578125,72823600
2023-06-27,420.2055969238281,72813700
2023-06-28,420.41748046875,75636000
2023-06-29,422.07452392578125,67882300
2023-06-30,427.0553283691406,104964000
2023-07-03,427.54669189453125,32793400
2023-07-05,426.9108581542969,58418400
2023-07-06,423.56781005859375,80658300
2023-07-07,422.4984130859375,86134200
2023-07-10,423.56781005859375,62443500
2023-07-11,426.2653503417969,64463800
2023-07-12,429.6950378417969,91924500
2023-07-13,433.1054992675781,72425200
2023-07-14,432.8357849121094,69815800
2023-07-17,434.3385925292969,52680200
2023-07-18,437.5660095214844,80668200
2023-07-19,438.5390625,65891700
2023-07-20,435.629638671875,70591600
2023-07-21,435.629638671875,71275600
2023-07-24,437.57568359375,54023400
2023-07-25,438.770263671875,55191200
2023-07-26,438.83770751953125,71052900
2023-07-27,435.9282531738281,92194400
2023-07-28,440.1961669921875,80011800
2023-07-31,441.0343017578125,62040400
2023-08-01,439.772216796875,55291500
2023-08-02,433.6546630859375,93933400
2023-08-03,432.4117431640625,64276100
2023-08-04,430.4561462402344,100128900
2023-08-07,434.2133483886719,58357500
2023-08-08,432.32513427734375,71361300
2023-08-09,429.4349365234375,78789600
2023-08-10,429.58905029296875,93005500
2023-08-11,429.33856201171875,68690900
2023-08-14,431.70855712890625,47867400
2023-08-15,426.6795959472656,75707500
2023-08-16,423.548583984375,80107200
2023-08-17,420.32122802734375,95711300
2023-08-18,420.5234680175781,98852000
2023-08-21,423.25958251953125,68719000
2023-08-22,422.1130676269531,64994200
2023-08-23,426.8144836425781,68441000
2023-08-24,420.8992004394531,88517300
2023-08-25,423.8664855957031,102325100
2023-08-28,426.5544128417969,61595400
2023-08-29,432.72015380859375,83081900
2023-08-30,434.50238037109375,69053900
2023-08-31,433.8665466308594,66084600
2023-09-01,434.6758117675781,58944100
2023-09-05,432.7972106933594,55166200
2023-09-06,429.88775634765625,70758500
2023-09-07,428.5679016113281,70355400
2023-09-08,429.21331787109375,61659700
2023-09-11,432.0361022949219,60180100
2023-09-12,429.6661376953125,67565400
2023-09-13,430.1672058105469,60199300
2023-09-14,433.87615966796875,83430800
2023-09-15,428.648681640625,111848900
2023-09-18,428.90008544921875,55752200
2023-09-19,428.0105895996094,66514600
2023-09-20,424.0758056640625,82562600
2023-09-21,417.0665283203125,104095800
2023-09-22,416.12872314453125,100829700
2023-09-25,417.87860107421875,70874500
2023-09-26,411.73944091796875,96168400
2023-09-27,411.90380859375,104705800
2023-09-28,414.291748046875,92258300
2023-09-29,413.28631591796875,115111300
2023-10-02,413.1219177246094,83798600
2023-10-03,407.5918884277344,103760600
2023-10-04,410.5599670410156,87453000
2023-10-05,410.4052429199219,70142700
2023-10-06,415.2779235839844,113273300
2023-10-09,417.9366455078125,80374400
2023-10-10,420.1119384765625,78607300
2023-10-11,421.8327941894531,62451700
2023-10-12,419.2611389160156,81154200
2023-10-13,417.1728210449219,95143100
2023-10-16,421.56207275390625,75433200
2023-10-17,421.5426940917969,75324700
2023-10-18,415.9255676269531,93559800
2023-10-19,412.2712097167969,121323000
2023-10-20,407.20513916015625,123919900
2023-10-23,406.4993896484375,92035100
2023-10-24,409.5641784667969,78564200
2023-10-25,403.6860046386719,94223200
2023-10-26,398.85205078125,115156800
2023-10-27,397.0440979003906,107367700
2023-10-30,401.79107666015625,86562700
2023-10-31,404.314453125,79665200
2023-11-01,408.6263427734375,98068100
2023-11-02,416.4573974609375,94938900
2023-11-03,420.2569274902344,100167800
2023-11-06,421.2236633300781,67831700
2023-11-07,422.42254638671875,64256100
2023-11-08,422.7319030761719,61746000
2023-11-09,419.43511962890625,83174400
2023-11-10,425.9803466796875,89462200
2023-11-13,425.5743103027344,52236100
2023-11-14,433.83074951171875,97176900
2023-11-15,434.74920654296875,77327600
2023-11-16,435.2809753417969,66665800
2023-11-17,435.82232666015625,83133200
2023-11-20,439.1771240234375,69936200
2023-11-21,438.2200012207031,49244600
2023-11-22,439.9118347167969,59394900
2023-11-24,440.1825866699219,29737400
2023-11-27,439.3898010253906,50506000
2023-11-28,439.82489013671875,62115000
2023-11-29,439.5155029296875,63146000
2023-11-30,441.2460632324219,79752700
2023-12-01,443.8564758300781,89183400
2023-12-04,441.5264587402344,72430900
2023-12-05,441.43939208984375,69793500
2023-12-06,439.6605224609375,69124700
2023-12-07,443.015380859375,66995400
2023-12-08,444.9198913574219,83194400
2023-12-11,446.6504821777344,65002200
2023-12-12,448.6903991699219,68327600
2023-12-13,454.8779296875,93278000
2023-12-14,456.3377685546875,119026000
2023-12-15,455.5863952636719,141553700
2023-12-18,458.1491394042969,70375300
2023-12-19,460.93505859375,55761800
2023-12-20,454.5477294921875,102921000
2023-12-21,458.8577575683594,86667500
2023-12-22,459.77996826171875,67160400
2023-12-26,461.7213439941406,55387000
2023-12-27,462.5562438964844,68000300
2023-12-28,462.73089599609375,77158100
2023-12-29,461.39129638671875,122283100
2024-01-02,458.8092346191406,123623700
2024-01-03,455.0622253417969,103585900
2024-01-04,453.59649658203125,84232200
2024-01-05,454.2176818847656,86118900
2024-01-08,460.7021179199219,74879100
2024-01-09,460.0032043457031,65931400
2024-01-10,462.6047058105469,67310600
2024-01-11,462.40087890625,77940700
2024-01-12,462.7211608886719,58026400
2024-01-16,461.02239990234375,85014900
2024-01-17,458.4597473144531,68843900
2024-01-18,462.5367736816406,91856200
2024-01-19,468.3027648925781,110834500
2024-01-22,469.29296875,75844900
2024-01-23,470.66162109375,49945300
2024-01-24,471.1761474609375,81765000
2024-01-25,473.7388000488281,72525000
2024-01-26,473.13702392578125,76641600
2024-01-29,476.8839111328125,61322800
2024-01-30,476.51507568359375,58618400
2024-01-31,468.7396545410156,126011100
2024-02-01,474.8746032714844,91891600
2024-02-02,479.873779296875,99228200
2024-02-05,478.1264953613281,75757100
2024-02-06,479.51458740234375,55918600
2024-02-07,483.51397705078125,70556500
2024-02-08,483.7275085449219,52343600
2024-02-09,486.523193359375,63979400
2024-02-12,486.3096008300781,56502300
2024-02-13,479.61163330078125,113099200
2024-02-14,483.97021484375,68387800
2024-02-15,487.3094787597656,61683000
2024-02-16,484.8826904296875,75532900
2024-02-20,482.21319580078125,71736700
2024-02-21,482.6499938964844,59293400
2024-02-22,492.6387023925781,76402500
2024-02-23,492.97845458984375,61321800
2024-02-26,491.1728820800781,50386700
2024-02-27,492.0853576660156,48854500
2024-02-28,491.43499755859375,56506600
2024-02-29,493.20172119140625,83924800
2024-03-01,497.8320007324219,76844800
2024-03-04,497.298095703125,49799300
2024-03-05,492.32806396484375,72855600
2024-03-06,494.8227844238281,68382400
2024-03-07,499.73468017578125,58652100
2024-03-08,496.735107421875,86532500
2024-03-11,496.3080139160156,62557200
2024-03-12,501.6470031738281,73114400
2024-03-13,500.86065673828125,55104100
2024-03-14,499.8704833984375,110171800
2024-03-15,496.4381408691406,107646300
2024-03-18,499.3884582519531,88893300
2024-03-19,502.1636657714844,60755300
2024-03-20,506.808349609375,69594600
2024-03-21,508.4832763671875,60256100
2024-03-22,507.5192565917969,79070800
2024-03-25,506.11712646484375,48512100
2024-03-26,505.1822509765625,65463700
2024-03-27,509.4277648925781,82999800
2024-03-28,509.3302001953125,96294900
2024-04-01,508.4443054199219,62477500
2024-04-02,505.2114562988281,74230300
2024-04-03,505.7664794921875,59155800
2024-04-04,499.5931091308594,96858100
2024-04-05,504.8122253417969,74546500
2024-04-08,505.0946044921875,48401800
2024-04-09,505.6788330078125,68049200
2024-04-10,500.6153869628906,82652800
2024-04-11,504.39349365234375,70099000
2024-04-12,497.431396484375,92561100
2024-04-15,491.1994934082031,92101400
2024-04-16,490.3036193847656,73484000
2024-04-17,487.4018859863281,75910300
2024-04-18,486.3989562988281,74548100
2024-04-19,482.1534423828125,102212600
2024-04-22,486.59375,67961000
2024-04-23,492.367919921875,64633600
2024-04-24,492.1341857910156,55928100
2024-04-25,490.2646484375,69122400
2024-04-26,494.9093933105469,64306100
2024-04-29,496.6620788574219,46415400
2024-04-30,488.7943420410156,77483600
2024-05-01,487.2071533203125,80242800
2024-05-02,491.7641906738281,62550200
2024-05-03,497.85980224609375,72756700
2024-05-06,503.00103759765625,47264700
2024-05-07,503.55615234375,52561300
2024-05-08,503.604736328125,42047200
2024-05-09,506.50653076171875,43643700
2024-05-10,507.1590576171875,52233200
2024-05-13,507.22705078125,36716400
2024-05-14,509.55426025390625,57535900
2024-05-15,515.8641357421875,59504900
2024-05-16,514.8026733398438,50244800
2024-05-17,515.5427856445312,59187600
2024-05-20,516.13671875,37764200
2024-05-21,517.4025268554688,33437000
2024-05-22,515.9129028320312,48390000
2024-05-23,512.1444702148438,57211200
2024-05-24,515.5330200195312,41291100
2024-05-28,515.8933715820312,36269600
2024-05-29,512.2807006835938,45190300
2024-05-30,508.8824462890625,46377600
2024-05-31,513.5173950195312,90785800
2024-06-03,513.9360961914062,46835700
2024-06-04,514.5106201171875,34632700
2024-06-05,520.6256103515625,47610400
2024-06-06,520.6159057617188,30808500
2024-06-07,519.9830322265625,43224500
2024-06-10,521.5896606445312,35686100
2024-06-11,522.8458251953125,36383400
2024-06-12,527.139892578125,63251300
2024-06-13,528.2013549804688,44760900
2024-06-14,528.522705078125,40089900
2024-06-17,532.7291870117188,55839500
2024-06-18,534.0826416015625,41376400
2024-06-20,532.6317749023438,70328200
2024-06-21,531.9176025390625,64338600
2024-06-24,530.1886596679688,45528700
2024-06-25,532.2303466796875,37936200
2024-06-26,532.8945922851562,38550600
2024-06-27,533.734619140625,35041500
2024-06-28,531.63427734375,76144500
2024-07-01,532.728515625,40297800
2024-07-02,536.3136596679688,40434800
2024-07-03,538.7069702148438,32789900
2024-07-05,541.8134155273438,41488400
2024-07-08,542.4386596679688,36110500
2024-07-09,542.966064453125,27289700
2024-07-10,548.3388671875,38701200
2024-07-11,543.6109008789062,53054200
2024-07-12,547.0397338867188,53084400
2024-07-15,548.544189453125,40584300
2024-07-16,551.7969970703125,36475300
2024-07-17,544.0602416992188,57119000
2024-07-18,539.8792724609375,56270400
2024-07-19,536.2940673828125,65509100
2024-07-22,541.8232421875,43346700
2024-07-23,540.973388671875,34439600
2024-07-24,528.7135009765625,74515300
2024-07-25,525.9588012695312,61158300
2024-07-26,531.8492431640625,53763800
2024-07-29,532.1618041992188,39515800
2024-07-30,529.4656982421875,46853600
2024-07-31,538.072021484375,65663400
2024-08-01,530.4524536132812,76428700
2024-08-02,520.5762939453125,82789100
2024-08-05,505.4150695800781,146267400
2024-08-06,510.07476806640625,84826300
2024-08-07,506.66546630859375,70698300
2024-08-08,518.3782348632812,63276600
2024-08-09,520.6640014648438,45619600
2024-08-12,520.9376220703125,42542100
2024-08-13,529.5047607421875,52333100
2024-08-14,531.1752319335938,42446900
2024-08-15,540.2797241210938,60846800
2024-08-16,541.4910278320312,44430700
2024-08-19,546.6683959960938,39121800
2024-08-20,545.779541015625,33732300
2024-08-21,547.6551513671875,41514600
2024-08-22,543.3568725585938,56121500
2024-08-23,549.130126953125,50639400
2024-08-26,547.8212280273438,35788600
2024-08-27,548.5732421875,32693900
2024-08-28,545.3887939453125,41066000
2024-08-29,545.4376220703125,38715200
2024-08-30,550.644287109375,62700100
2024-09-03,539.3126831054688,60600100
2024-09-04,538.208740234375,47224900
2024-09-05,536.8997802734375,44264300
2024-09-06,527.8637084960938,68493800
2024-09-09,533.773681640625,40445800
2024-09-10,536.0986938476562,36394600
2024-09-11,541.5984497070312,75248600
2024-09-12,546.1605224609375,51819600
2024-09-13,549.012939453125,39310500
2024-09-16,549.8237915039062,36656100
2024-09-17,550.0484619140625,49321000
2024-09-18,548.4171752929688,59044900
2024-09-19,557.7755126953125,75315500
2024-09-20,556.8113403320312,77503100
2024-09-23,558.2028198242188,44116900
2024-09-24,559.7999267578125,46805700
2024-09-25,558.5653076171875,38428600
2024-09-26,560.7797241210938,48336000
2024-09-27,559.9664916992188,42100900
2024-09-30,562.21044921875,63557400
2024-10-01,557.1738891601562,72668800
2024-10-02,557.4090576171875,38097800
2024-10-03,556.3900756835938,40846500
2024-10-04,561.446044921875,42939100
2024-10-07,556.370361328125,49964700
2024-10-08,561.6322631835938,37398700
2024-10-09,565.5223999023438,37912200
2024-10-10,564.53271484375,44138100
2024-10-11,567.9132690429688,42268000
2024-10-14,572.557861328125,36217200
2024-10-15,568.1092529296875,54203600
2024-10-16,570.5784912109375,30725400
2024-10-17,570.62744140625,34393700
2024-10-18,572.8223876953125,37416800
2024-10-21,571.8818359375,36439000
2024-10-22,571.5780639648438,34183800
2024-10-23,566.3552856445312,49314600
2024-10-24,567.5801391601562,34979900
2024-10-25,567.384033203125,47268200
2024-10-28,569.1381225585938,30174700
2024-10-29,570.0592651367188,42899700
2024-10-30,568.3346557617188,41435800
2024-10-31,557.1935424804688,60182500
2024-11-01,559.5451049804688,45667500
2024-11-04,558.3399047851562,38217000
2024-11-05,565.0912475585938,39478300
2024-11-06,579.1426391601562,68182000
2024-11-07,583.62060546875,47233200
2024-11-08,586.1486206054688,46444900
2024-11-11,586.707275390625,37586800
2024-11-12,584.884765625,43006100
2024-11-13,585.1688232421875,47388600
2024-11-14,581.4061279296875,38904100
2024-11-15,573.9591064453125,75988800
2024-11-18,576.310791015625,37001700
2024-11-19,578.4175415039062,49412000
2024-11-20,578.6134033203125,50032600
2024-11-21,581.7196044921875,46750300
2024-11-22,583.5226440429688,38226400
2024-11-25,585.501953125,42441400
2024-11-26,588.5592041015625,45621300
2024-11-27,586.7758178710938,34000200
2024-11-29,590.4208374023438,30177400
2024-12-02,591.4791259765625,31746000
2024-12-03,591.7534790039062,26906600
2024-12-04,595.4280395507812,42787600
2024-12-05,594.4481201171875,28762200
2024-12-06,595.5750122070312,31241500
2024-12-09,592.5079345703125,34742700
2024-12-10,590.6658935546875,37234500
2024-12-11,595.2319946289062,28677700
2024-12-12,592.1651000976562,31543800
2024-12-13,592.0475463867188,35904700
2024-12-16,594.5755004882812,43695200
2024-12-17,592.1258544921875,55773500
2024-12-18,574.4783935546875,108248700
2024-12-19,574.3019409179688,85919500
2024-12-20,581.199951171875,125716700
2024-12-23,584.6803588867188,57635800
2024-12-24,591.1790771484375,33160100
2024-12-26,591.2184448242188,41219100
2024-12-27,584.9949340820312,64969300
2024-12-30,578.3192749023438,56578800
2024-12-31,576.2152709960938,57052700
